state_code,year,indicator_name,value,pillar
JOH,2020,alos_nights,1.85128755704271,Economic
JOH,2020,avg_expenditure_rm,307.209676564561,Economic
JOH,2020,dts_hotels_count,964.0,Economic
JOH,2020,dts_rooms_count,62132.0,Economic
JOH,2020,expenditure_per_visitor,335.74279624548296,Economic
JOH,2020,international_arrivals_share,,Economic
JOH,2020,tourism_concentration_ratio,1.8062468513853904,Economic
JOH,2020,tourism_receipts_rm_mil,2431.61988775028,Economic
JOH,2020,tourism_trips_000,7915.18,Economic
JOH,2020,coastal_area_fraction,0.149069,Environmental
JOH,2020,estimated_coastal_hotels,8.0,Environmental
JOH,2020,estimated_pa_hotels,19.0,Environmental
JOH,2020,green_hotel_count,3.0,Environmental
JOH,2020,green_hotel_share,0.05357142857142857,Environmental
JOH,2020,n_rivers,202.0,Environmental
JOH,2020,pa_area_fraction,0.332475,Environmental
JOH,2020,waste_tonnes,,Environmental
JOH,2020,wqi_annual,79.54,Environmental
JOH,2020,domestic_visitors_000,7242.508,Social
JOH,2020,hh_water_access,99.9,Social
JOH,2020,hotel_density_per_capita,1.3966132129585755,Social
JOH,2020,motac_hotels_rated_count,56.0,Social
JOH,2020,population,4009.7,Social
JOH,2021,alos_nights,2.06019814260457,Economic
JOH,2021,avg_expenditure_rm,329.657934218747,Economic
JOH,2021,dts_hotels_count,964.0,Economic
JOH,2021,dts_rooms_count,62132.0,Economic
JOH,2021,expenditure_per_visitor,342.26444010417356,Economic
JOH,2021,international_arrivals_share,,Economic
JOH,2021,tourism_concentration_ratio,0.9098383084577115,Economic
JOH,2021,tourism_receipts_rm_mil,1251.84930290302,Economic
JOH,2021,tourism_trips_000,3797.419,Economic
JOH,2021,coastal_area_fraction,0.149069,Environmental
JOH,2021,estimated_coastal_hotels,8.0,Environmental
JOH,2021,estimated_pa_hotels,19.0,Environmental
JOH,2021,green_hotel_count,3.0,Environmental
JOH,2021,green_hotel_share,0.05357142857142857,Environmental
JOH,2021,n_rivers,16.0,Environmental
JOH,2021,pa_area_fraction,0.332475,Environmental
JOH,2021,waste_tonnes,,Environmental
JOH,2021,wqi_annual,68.0,Environmental
JOH,2021,domestic_visitors_000,3657.55,Social
JOH,2021,hh_water_access,99.9,Social
JOH,2021,hotel_density_per_capita,1.3930348258706469,Social
JOH,2021,motac_hotels_rated_count,56.0,Social
JOH,2021,population,4020.0,Social
JOH,2022,alos_nights,2.33780774616398,Economic
JOH,2022,avg_expenditure_rm,377.043749901138,Economic
JOH,2022,dts_hotels_count,972.0,Economic
JOH,2022,dts_rooms_count,63582.0,Economic
JOH,2022,expenditure_per_visitor,394.9799364992596,Economic
JOH,2022,international_arrivals_share,,Economic
JOH,2022,tourism_concentration_ratio,3.0723138793039246,Economic
JOH,2022,tourism_receipts_rm_mil,4888.35148006201,Economic
JOH,2022,tourism_trips_000,12964.945,Economic
JOH,2022,coastal_area_fraction,0.149069,Environmental
JOH,2022,estimated_coastal_hotels,8.0,Environmental
JOH,2022,estimated_pa_hotels,19.0,Environmental
JOH,2022,green_hotel_count,3.0,Environmental
JOH,2022,green_hotel_share,0.05357142857142857,Environmental
JOH,2022,n_rivers,38.0,Environmental
JOH,2022,pa_area_fraction,0.332475,Environmental
JOH,2022,waste_tonnes,2664.74,Environmental
JOH,2022,wqi_annual,60.84,Environmental
JOH,2022,domestic_visitors_000,12376.202,Social
JOH,2022,hh_water_access,99.6,Social
JOH,2022,hotel_density_per_capita,1.390164585557183,Social
JOH,2022,motac_hotels_rated_count,56.0,Social
JOH,2022,population,4028.3,Social
JOH,2023,alos_nights,2.17607397828371,Economic
JOH,2023,avg_expenditure_rm,406.163243302521,Economic
JOH,2023,dts_hotels_count,968.0,Economic
JOH,2023,dts_rooms_count,62368.0,Economic
JOH,2023,expenditure_per_visitor,423.86368052497113,Economic
JOH,2023,international_arrivals_share,,Economic
JOH,2023,tourism_concentration_ratio,3.8540052183667,Economic
JOH,2023,tourism_receipts_rm_mil,6699.11884569231,Economic
JOH,2023,tourism_trips_000,16493.661,Economic
JOH,2023,coastal_area_fraction,0.149069,Environmental
JOH,2023,estimated_coastal_hotels,8.0,Environmental
JOH,2023,estimated_pa_hotels,19.0,Environmental
JOH,2023,green_hotel_count,3.0,Environmental
JOH,2023,green_hotel_share,0.05357142857142857,Environmental
JOH,2023,n_rivers,37.0,Environmental
JOH,2023,pa_area_fraction,0.332475,Environmental
JOH,2023,waste_tonnes,,Environmental
JOH,2023,wqi_annual,66.08,Environmental
JOH,2023,domestic_visitors_000,15804.89,Social
JOH,2023,hh_water_access,99.6,Social
JOH,2023,hotel_density_per_capita,1.3655539028018242,Social
JOH,2023,motac_hotels_rated_count,56.0,Social
JOH,2023,population,4100.9,Social
JOH,2024,alos_nights,2.54702302372368,Economic
JOH,2024,avg_expenditure_rm,406.918700399463,Economic
JOH,2024,dts_hotels_count,976.0,Economic
JOH,2024,dts_rooms_count,63942.0,Economic
JOH,2024,expenditure_per_visitor,455.96112398026753,Economic
JOH,2024,international_arrivals_share,,Economic
JOH,2024,tourism_concentration_ratio,,Economic
JOH,2024,tourism_receipts_rm_mil,7814.41585763373,Economic
JOH,2024,tourism_trips_000,19203.875,Economic
JOH,2024,coastal_area_fraction,0.149069,Environmental
JOH,2024,estimated_coastal_hotels,8.0,Environmental
JOH,2024,estimated_pa_hotels,19.0,Environmental
JOH,2024,green_hotel_count,3.0,Environmental
JOH,2024,green_hotel_share,0.05357142857142857,Environmental
JOH,2024,n_rivers,23.0,Environmental
JOH,2024,pa_area_fraction,0.332475,Environmental
JOH,2024,waste_tonnes,,Environmental
JOH,2024,wqi_annual,67.74,Environmental
JOH,2024,domestic_visitors_000,17138.338,Social
JOH,2024,hh_water_access,,Social
JOH,2024,hotel_density_per_capita,,Social
JOH,2024,motac_hotels_rated_count,56.0,Social
JOH,2024,population,,Social
JOH,2025,alos_nights,2.67977442484637,Economic
JOH,2025,avg_expenditure_rm,410.555112266633,Economic
JOH,2025,dts_hotels_count,950.0,Economic
JOH,2025,dts_rooms_count,67536.0,Economic
JOH,2025,expenditure_per_visitor,479.36131751463336,Economic
JOH,2025,international_arrivals_share,,Economic
JOH,2025,tourism_concentration_ratio,,Economic
JOH,2025,tourism_receipts_rm_mil,8722.92495205821,Economic
JOH,2025,tourism_trips_000,21246.6601716389,Economic
JOH,2025,coastal_area_fraction,0.149069,Environmental
JOH,2025,estimated_coastal_hotels,8.0,Environmental
JOH,2025,estimated_pa_hotels,19.0,Environmental
JOH,2025,green_hotel_count,3.0,Environmental
JOH,2025,green_hotel_share,0.05357142857142857,Environmental
JOH,2025,n_rivers,18.0,Environmental
JOH,2025,pa_area_fraction,0.332475,Environmental
JOH,2025,waste_tonnes,,Environmental
JOH,2025,wqi_annual,58.61,Environmental
JOH,2025,domestic_visitors_000,18196.973,Social
JOH,2025,hh_water_access,,Social
JOH,2025,hotel_density_per_capita,,Social
JOH,2025,motac_hotels_rated_count,56.0,Social
JOH,2025,population,,Social
KDH,2020,alos_nights,1.97006129028332,Economic
KDH,2020,avg_expenditure_rm,219.32925432476,Economic
KDH,2020,dts_hotels_count,350.0,Economic
KDH,2020,dts_rooms_count,26308.0,Economic
KDH,2020,expenditure_per_visitor,224.83906405357928,Economic
KDH,2020,international_arrivals_share,,Economic
KDH,2020,tourism_concentration_ratio,4.742462231397204,Economic
KDH,2020,tourism_receipts_rm_mil,2272.69214593496,Economic
KDH,2020,tourism_trips_000,10362.011,Economic
KDH,2020,coastal_area_fraction,0.189091,Environmental
KDH,2020,estimated_coastal_hotels,9.0,Environmental
KDH,2020,estimated_pa_hotels,7.0,Environmental
KDH,2020,green_hotel_count,4.0,Environmental
KDH,2020,green_hotel_share,0.08163265306122448,Environmental
KDH,2020,n_rivers,60.0,Environmental
KDH,2020,pa_area_fraction,0.150983,Environmental
KDH,2020,waste_tonnes,,Environmental
KDH,2020,wqi_annual,81.03,Environmental
KDH,2020,domestic_visitors_000,10108.084,Social
KDH,2020,hh_water_access,99.5,Social
KDH,2020,hotel_density_per_capita,2.2989584310781646,Social
KDH,2020,motac_hotels_rated_count,49.0,Social
KDH,2020,population,2131.4,Social
KDH,2021,alos_nights,1.96227888195383,Economic
KDH,2021,avg_expenditure_rm,198.597143510098,Economic
KDH,2021,dts_hotels_count,350.0,Economic
KDH,2021,dts_rooms_count,26308.0,Economic
KDH,2021,expenditure_per_visitor,209.34749823011475,Economic
KDH,2021,international_arrivals_share,,Economic
KDH,2021,tourism_concentration_ratio,1.869685365060185,Economic
KDH,2021,tourism_receipts_rm_mil,842.205404074748,Economic
KDH,2021,tourism_trips_000,4240.773,Economic
KDH,2021,coastal_area_fraction,0.189091,Environmental
KDH,2021,estimated_coastal_hotels,9.0,Environmental
KDH,2021,estimated_pa_hotels,7.0,Environmental
KDH,2021,green_hotel_count,4.0,Environmental
KDH,2021,green_hotel_share,0.08163265306122448,Environmental
KDH,2021,n_rivers,26.0,Environmental
KDH,2021,pa_area_fraction,0.150983,Environmental
KDH,2021,waste_tonnes,,Environmental
KDH,2021,wqi_annual,88.08,Environmental
KDH,2021,domestic_visitors_000,4023.002,Social
KDH,2021,hh_water_access,99.5,Social
KDH,2021,hotel_density_per_capita,2.2772691360319746,Social
KDH,2021,motac_hotels_rated_count,49.0,Social
KDH,2021,population,2151.7,Social
KDH,2022,alos_nights,2.1120801053992,Economic
KDH,2022,avg_expenditure_rm,291.717080303793,Economic
KDH,2022,dts_hotels_count,352.0,Economic
KDH,2022,dts_rooms_count,26502.0,Economic
KDH,2022,expenditure_per_visitor,310.187875791458,Economic
KDH,2022,international_arrivals_share,,Economic
KDH,2022,tourism_concentration_ratio,5.171373029448477,Economic
KDH,2022,tourism_receipts_rm_mil,3469.82268561478,Economic
KDH,2022,tourism_trips_000,11894.479,Economic
KDH,2022,coastal_area_fraction,0.189091,Environmental
KDH,2022,estimated_coastal_hotels,9.0,Environmental
KDH,2022,estimated_pa_hotels,7.0,Environmental
KDH,2022,green_hotel_count,4.0,Environmental
KDH,2022,green_hotel_share,0.08163265306122448,Environmental
KDH,2022,n_rivers,33.0,Environmental
KDH,2022,pa_area_fraction,0.150983,Environmental
KDH,2022,waste_tonnes,9036.19,Environmental
KDH,2022,wqi_annual,82.67,Environmental
KDH,2022,domestic_visitors_000,11186.197,Social
KDH,2022,hh_water_access,99.6,Social
KDH,2022,hotel_density_per_capita,2.2652674402477926,Social
KDH,2022,motac_hotels_rated_count,49.0,Social
KDH,2022,population,2163.1,Social
KDH,2023,alos_nights,2.02721858973257,Economic
KDH,2023,avg_expenditure_rm,307.335602280863,Economic
KDH,2023,dts_hotels_count,350.0,Economic
KDH,2023,dts_rooms_count,26308.0,Economic
KDH,2023,expenditure_per_visitor,312.89811617719806,Economic
KDH,2023,international_arrivals_share,,Economic
KDH,2023,tourism_concentration_ratio,6.145853714285715,Economic
KDH,2023,tourism_receipts_rm_mil,4206.61948328264,Economic
KDH,2023,tourism_trips_000,13687.381,Economic
KDH,2023,coastal_area_fraction,0.189091,Environmental
KDH,2023,estimated_coastal_hotels,9.0,Environmental
KDH,2023,estimated_pa_hotels,7.0,Environmental
KDH,2023,green_hotel_count,4.0,Environmental
KDH,2023,green_hotel_share,0.08163265306122448,Environmental
KDH,2023,n_rivers,39.0,Environmental
KDH,2023,pa_area_fraction,0.150983,Environmental
KDH,2023,waste_tonnes,,Environmental
KDH,2023,wqi_annual,81.0,Environmental
KDH,2023,domestic_visitors_000,13444.055,Social
KDH,2023,hh_water_access,99.6,Social
KDH,2023,hotel_density_per_capita,2.2399999999999998,Social
KDH,2023,motac_hotels_rated_count,49.0,Social
KDH,2023,population,2187.5,Social
KDH,2024,alos_nights,2.76758567052739,Economic
KDH,2024,avg_expenditure_rm,310.379378725278,Economic
KDH,2024,dts_hotels_count,350.0,Economic
KDH,2024,dts_rooms_count,26308.0,Economic
KDH,2024,expenditure_per_visitor,338.61067568948744,Economic
KDH,2024,international_arrivals_share,,Economic
KDH,2024,tourism_concentration_ratio,,Economic
KDH,2024,tourism_receipts_rm_mil,4961.15023607227,Economic
KDH,2024,tourism_trips_000,15984.149,Economic
KDH,2024,coastal_area_fraction,0.189091,Environmental
KDH,2024,estimated_coastal_hotels,9.0,Environmental
KDH,2024,estimated_pa_hotels,7.0,Environmental
KDH,2024,green_hotel_count,4.0,Environmental
KDH,2024,green_hotel_share,0.08163265306122448,Environmental
KDH,2024,n_rivers,30.0,Environmental
KDH,2024,pa_area_fraction,0.150983,Environmental
KDH,2024,waste_tonnes,,Environmental
KDH,2024,wqi_annual,80.5,Environmental
KDH,2024,domestic_visitors_000,14651.4879543306,Social
KDH,2024,hh_water_access,,Social
KDH,2024,hotel_density_per_capita,,Social
KDH,2024,motac_hotels_rated_count,49.0,Social
KDH,2024,population,,Social
KDH,2025,alos_nights,2.8191254738061,Economic
KDH,2025,avg_expenditure_rm,312.760864144746,Economic
KDH,2025,dts_hotels_count,358.0,Economic
KDH,2025,dts_rooms_count,27078.0,Economic
KDH,2025,expenditure_per_visitor,353.6834359234628,Economic
KDH,2025,international_arrivals_share,,Economic
KDH,2025,tourism_concentration_ratio,,Economic
KDH,2025,tourism_receipts_rm_mil,5520.25004061484,Economic
KDH,2025,tourism_trips_000,17650.0664675874,Economic
KDH,2025,coastal_area_fraction,0.189091,Environmental
KDH,2025,estimated_coastal_hotels,9.0,Environmental
KDH,2025,estimated_pa_hotels,7.0,Environmental
KDH,2025,green_hotel_count,4.0,Environmental
KDH,2025,green_hotel_share,0.08163265306122448,Environmental
KDH,2025,n_rivers,23.0,Environmental
KDH,2025,pa_area_fraction,0.150983,Environmental
KDH,2025,waste_tonnes,,Environmental
KDH,2025,wqi_annual,75.83,Environmental
KDH,2025,domestic_visitors_000,15607.884,Social
KDH,2025,hh_water_access,,Social
KDH,2025,hotel_density_per_capita,,Social
KDH,2025,motac_hotels_rated_count,49.0,Social
KDH,2025,population,,Social
KTN,2020,alos_nights,1.85860052110295,Economic
KTN,2020,avg_expenditure_rm,236.765634074902,Economic
KTN,2020,dts_hotels_count,182.0,Economic
KTN,2020,dts_rooms_count,8720.0,Economic
KTN,2020,expenditure_per_visitor,256.6978609158835,Economic
KTN,2020,international_arrivals_share,,Economic
KTN,2020,tourism_concentration_ratio,3.379739470013947,Economic
KTN,2020,tourism_receipts_rm_mil,1555.12261713697,Economic
KTN,2020,tourism_trips_000,6568.194,Economic
KTN,2020,coastal_area_fraction,0.05584,Environmental
KTN,2020,estimated_coastal_hotels,0.0,Environmental
KTN,2020,estimated_pa_hotels,2.0,Environmental
KTN,2020,green_hotel_count,,Environmental
KTN,2020,green_hotel_share,0.0,Environmental
KTN,2020,n_rivers,74.0,Environmental
KTN,2020,pa_area_fraction,0.286271,Environmental
KTN,2020,waste_tonnes,,Environmental
KTN,2020,wqi_annual,81.88,Environmental
KTN,2020,domestic_visitors_000,6058.183,Social
KTN,2020,hh_water_access,67.9,Social
KTN,2020,hotel_density_per_capita,0.3905160390516039,Social
KTN,2020,motac_hotels_rated_count,7.0,Social
KTN,2020,population,1792.5,Social
KTN,2021,alos_nights,3.13854552971283,Economic
KTN,2021,avg_expenditure_rm,242.037098915131,Economic
KTN,2021,dts_hotels_count,182.0,Economic
KTN,2021,dts_rooms_count,8720.0,Economic
KTN,2021,expenditure_per_visitor,248.43285677248778,Economic
KTN,2021,international_arrivals_share,,Economic
KTN,2021,tourism_concentration_ratio,1.0599404072173482,Economic
KTN,2021,tourism_receipts_rm_mil,477.222127559975,Economic
KTN,2021,tourism_trips_000,1971.69,Economic
KTN,2021,coastal_area_fraction,0.05584,Environmental
KTN,2021,estimated_coastal_hotels,0.0,Environmental
KTN,2021,estimated_pa_hotels,2.0,Environmental
KTN,2021,green_hotel_count,,Environmental
KTN,2021,green_hotel_share,0.0,Environmental
KTN,2021,n_rivers,36.0,Environmental
KTN,2021,pa_area_fraction,0.286271,Environmental
KTN,2021,waste_tonnes,,Environmental
KTN,2021,wqi_annual,72.11,Environmental
KTN,2021,domestic_visitors_000,1920.93,Social
KTN,2021,hh_water_access,67.9,Social
KTN,2021,hotel_density_per_capita,0.3862495171881035,Social
KTN,2021,motac_hotels_rated_count,7.0,Social
KTN,2021,population,1812.3,Social
KTN,2022,alos_nights,3.15837090332652,Economic
KTN,2022,avg_expenditure_rm,294.432794968762,Economic
KTN,2022,dts_hotels_count,182.0,Economic
KTN,2022,dts_rooms_count,8720.0,Economic
KTN,2022,expenditure_per_visitor,390.2465028819848,Economic
KTN,2022,international_arrivals_share,,Economic
KTN,2022,tourism_concentration_ratio,3.6202092210204304,Economic
KTN,2022,tourism_receipts_rm_mil,2586.22406280686,Economic
KTN,2022,tourism_trips_000,8783.75,Economic
KTN,2022,coastal_area_fraction,0.05584,Environmental
KTN,2022,estimated_coastal_hotels,0.0,Environmental
KTN,2022,estimated_pa_hotels,2.0,Environmental
KTN,2022,green_hotel_count,,Environmental
KTN,2022,green_hotel_share,0.0,Environmental
KTN,2022,n_rivers,37.0,Environmental
KTN,2022,pa_area_fraction,0.286271,Environmental
KTN,2022,waste_tonnes,,Environmental
KTN,2022,wqi_annual,78.43,Environmental
KTN,2022,domestic_visitors_000,6627.155,Social
KTN,2022,hh_water_access,70.2,Social
KTN,2022,hotel_density_per_capita,0.3823882879930078,Social
KTN,2022,motac_hotels_rated_count,7.0,Social
KTN,2022,population,1830.6,Social
KTN,2023,alos_nights,3.07348440786154,Economic
KTN,2023,avg_expenditure_rm,347.145908885391,Economic
KTN,2023,dts_hotels_count,182.0,Economic
KTN,2023,dts_rooms_count,8720.0,Economic
KTN,2023,expenditure_per_visitor,427.63635819028605,Economic
KTN,2023,international_arrivals_share,,Economic
KTN,2023,tourism_concentration_ratio,4.0640450043066325,Economic
KTN,2023,tourism_receipts_rm_mil,3228.385093431,Economic
KTN,2023,tourism_trips_000,9299.793,Economic
KTN,2023,coastal_area_fraction,0.05584,Environmental
KTN,2023,estimated_coastal_hotels,0.0,Environmental
KTN,2023,estimated_pa_hotels,2.0,Environmental
KTN,2023,green_hotel_count,,Environmental
KTN,2023,green_hotel_share,0.0,Environmental
KTN,2023,n_rivers,35.0,Environmental
KTN,2023,pa_area_fraction,0.286271,Environmental
KTN,2023,waste_tonnes,,Environmental
KTN,2023,wqi_annual,83.6,Environmental
KTN,2023,domestic_visitors_000,7549.37,Social
KTN,2023,hh_water_access,70.2,Social
KTN,2023,hotel_density_per_capita,0.3768303186907838,Social
KTN,2023,motac_hotels_rated_count,7.0,Social
KTN,2023,population,1857.6,Social
KTN,2024,alos_nights,2.98185888956928,Economic
KTN,2024,avg_expenditure_rm,364.304223365218,Economic
KTN,2024,dts_hotels_count,182.0,Economic
KTN,2024,dts_rooms_count,8720.0,Economic
KTN,2024,expenditure_per_visitor,431.84647586414206,Economic
KTN,2024,international_arrivals_share,,Economic
KTN,2024,tourism_concentration_ratio,,Economic
KTN,2024,tourism_receipts_rm_mil,4540.61133613717,Economic
KTN,2024,tourism_trips_000,12463.79,Economic
KTN,2024,coastal_area_fraction,0.05584,Environmental
KTN,2024,estimated_coastal_hotels,0.0,Environmental
KTN,2024,estimated_pa_hotels,2.0,Environmental
KTN,2024,green_hotel_count,,Environmental
KTN,2024,green_hotel_share,0.0,Environmental
KTN,2024,n_rivers,20.0,Environmental
KTN,2024,pa_area_fraction,0.286271,Environmental
KTN,2024,waste_tonnes,,Environmental
KTN,2024,wqi_annual,82.25,Environmental
KTN,2024,domestic_visitors_000,10514.411,Social
KTN,2024,hh_water_access,,Social
KTN,2024,hotel_density_per_capita,,Social
KTN,2024,motac_hotels_rated_count,7.0,Social
KTN,2024,population,,Social
KTN,2025,alos_nights,2.97778806075638,Economic
KTN,2025,avg_expenditure_rm,382.111877657725,Economic
KTN,2025,dts_hotels_count,182.0,Economic
KTN,2025,dts_rooms_count,8720.0,Economic
KTN,2025,expenditure_per_visitor,434.3393572167969,Economic
KTN,2025,international_arrivals_share,,Economic
KTN,2025,tourism_concentration_ratio,,Economic
KTN,2025,tourism_receipts_rm_mil,5239.00827617872,Economic
KTN,2025,tourism_trips_000,13710.6658612469,Economic
KTN,2025,coastal_area_fraction,0.05584,Environmental
KTN,2025,estimated_coastal_hotels,0.0,Environmental
KTN,2025,estimated_pa_hotels,2.0,Environmental
KTN,2025,green_hotel_count,,Environmental
KTN,2025,green_hotel_share,0.0,Environmental
KTN,2025,n_rivers,24.0,Environmental
KTN,2025,pa_area_fraction,0.286271,Environmental
KTN,2025,waste_tonnes,,Environmental
KTN,2025,wqi_annual,76.08,Environmental
KTN,2025,domestic_visitors_000,12062.016,Social
KTN,2025,hh_water_access,,Social
KTN,2025,hotel_density_per_capita,,Social
KTN,2025,motac_hotels_rated_count,7.0,Social
KTN,2025,population,,Social
KUL,2020,alos_nights,1.83112388005242,Economic
KUL,2020,avg_expenditure_rm,398.777592465634,Economic
KUL,2020,dts_hotels_count,448.0,Economic
KUL,2020,dts_rooms_count,81794.0,Economic
KUL,2020,expenditure_per_visitor,424.0633254555161,Economic
KUL,2020,international_arrivals_share,,Economic
KUL,2020,tourism_concentration_ratio,6.2736027445638465,Economic
KUL,2020,tourism_receipts_rm_mil,5273.1884382134,Economic
KUL,2020,tourism_trips_000,13223.382,Economic
KUL,2020,coastal_area_fraction,0.0,Environmental
KUL,2020,estimated_coastal_hotels,0.0,Environmental
KUL,2020,estimated_pa_hotels,80.0,Environmental
KUL,2020,green_hotel_count,5.0,Environmental
KUL,2020,green_hotel_share,0.04504504504504504,Environmental
KUL,2020,n_rivers,4.0,Environmental
KUL,2020,pa_area_fraction,0.724288,Environmental
KUL,2020,waste_tonnes,,Environmental
KUL,2020,wqi_annual,76.75,Environmental
KUL,2020,domestic_visitors_000,12434.908,Social
KUL,2020,hh_water_access,100.0,Social
KUL,2020,hotel_density_per_capita,5.600121083699107,Social
KUL,2020,motac_hotels_rated_count,111.0,Social
KUL,2020,population,1982.1,Social
KUL,2021,alos_nights,2.18218483160852,Economic
KUL,2021,avg_expenditure_rm,284.882732896089,Economic
KUL,2021,dts_hotels_count,448.0,Economic
KUL,2021,dts_rooms_count,81794.0,Economic
KUL,2021,expenditure_per_visitor,338.25312106712096,Economic
KUL,2021,international_arrivals_share,,Economic
KUL,2021,tourism_concentration_ratio,4.641550407331975,Economic
KUL,2021,tourism_receipts_rm_mil,3083.51714291348,Economic
KUL,2021,tourism_trips_000,10823.812,Economic
KUL,2021,coastal_area_fraction,0.0,Environmental
KUL,2021,estimated_coastal_hotels,0.0,Environmental
KUL,2021,estimated_pa_hotels,80.0,Environmental
KUL,2021,green_hotel_count,5.0,Environmental
KUL,2021,green_hotel_share,0.04504504504504504,Environmental
KUL,2021,n_rivers,3.0,Environmental
KUL,2021,pa_area_fraction,0.724288,Environmental
KUL,2021,waste_tonnes,,Environmental
KUL,2021,wqi_annual,74.33,Environmental
KUL,2021,domestic_visitors_000,9116.005,Social
KUL,2021,hh_water_access,100.0,Social
KUL,2021,hotel_density_per_capita,5.651731160896131,Social
KUL,2021,motac_hotels_rated_count,111.0,Social
KUL,2021,population,1964.0,Social
KUL,2022,alos_nights,3.08657138827854,Economic
KUL,2022,avg_expenditure_rm,389.020732985364,Economic
KUL,2022,dts_hotels_count,492.0,Economic
KUL,2022,dts_rooms_count,91152.0,Economic
KUL,2022,expenditure_per_visitor,457.222779202971,Economic
KUL,2022,international_arrivals_share,,Economic
KUL,2022,tourism_concentration_ratio,8.623564144401387,Economic
KUL,2022,tourism_receipts_rm_mil,7732.79579884474,Economic
KUL,2022,tourism_trips_000,19877.593,Economic
KUL,2022,coastal_area_fraction,0.0,Environmental
KUL,2022,estimated_coastal_hotels,0.0,Environmental
KUL,2022,estimated_pa_hotels,80.0,Environmental
KUL,2022,green_hotel_count,5.0,Environmental
KUL,2022,green_hotel_share,0.04504504504504504,Environmental
KUL,2022,n_rivers,,Environmental
KUL,2022,pa_area_fraction,0.724288,Environmental
KUL,2022,waste_tonnes,139690.2,Environmental
KUL,2022,wqi_annual,,Environmental
KUL,2022,domestic_visitors_000,16912.534,Social
KUL,2022,hh_water_access,100.0,Social
KUL,2022,hotel_density_per_capita,5.659800122374056,Social
KUL,2022,motac_hotels_rated_count,111.0,Social
KUL,2022,population,1961.2,Social
KUL,2023,alos_nights,2.69627870015068,Economic
KUL,2023,avg_expenditure_rm,457.903620471734,Economic
KUL,2023,dts_hotels_count,506.0,Economic
KUL,2023,dts_rooms_count,94354.0,Economic
KUL,2023,expenditure_per_visitor,494.5576710242323,Economic
KUL,2023,international_arrivals_share,,Economic
KUL,2023,tourism_concentration_ratio,11.124108375863104,Economic
KUL,2023,tourism_receipts_rm_mil,10995.3241427932,Economic
KUL,2023,tourism_trips_000,24012.311,Economic
KUL,2023,coastal_area_fraction,0.0,Environmental
KUL,2023,estimated_coastal_hotels,0.0,Environmental
KUL,2023,estimated_pa_hotels,80.0,Environmental
KUL,2023,green_hotel_count,5.0,Environmental
KUL,2023,green_hotel_share,0.04504504504504504,Environmental
KUL,2023,n_rivers,7.0,Environmental
KUL,2023,pa_area_fraction,0.724288,Environmental
KUL,2023,waste_tonnes,,Environmental
KUL,2023,wqi_annual,58.71,Environmental
KUL,2023,domestic_visitors_000,22232.643,Social
KUL,2023,hh_water_access,100.0,Social
KUL,2023,hotel_density_per_capita,5.553887721404984,Social
KUL,2023,motac_hotels_rated_count,111.0,Social
KUL,2023,population,1998.6,Social
KUL,2024,alos_nights,2.2300972804998,Economic
KUL,2024,avg_expenditure_rm,459.460353091872,Economic
KUL,2024,dts_hotels_count,508.0,Economic
KUL,2024,dts_rooms_count,95050.0,Economic
KUL,2024,expenditure_per_visitor,521.7240476147704,Economic
KUL,2024,international_arrivals_share,,Economic
KUL,2024,tourism_concentration_ratio,,Economic
KUL,2024,tourism_receipts_rm_mil,14077.6575426553,Economic
KUL,2024,tourism_trips_000,30639.548,Economic
KUL,2024,coastal_area_fraction,0.0,Environmental
KUL,2024,estimated_coastal_hotels,0.0,Environmental
KUL,2024,estimated_pa_hotels,80.0,Environmental
KUL,2024,green_hotel_count,5.0,Environmental
KUL,2024,green_hotel_share,0.04504504504504504,Environmental
KUL,2024,n_rivers,,Environmental
KUL,2024,pa_area_fraction,0.724288,Environmental
KUL,2024,waste_tonnes,,Environmental
KUL,2024,wqi_annual,,Environmental
KUL,2024,domestic_visitors_000,26982.957,Social
KUL,2024,hh_water_access,100.0,Social
KUL,2024,hotel_density_per_capita,,Social
KUL,2024,motac_hotels_rated_count,111.0,Social
KUL,2024,population,,Social
KUL,2025,alos_nights,2.3265985253546,Economic
KUL,2025,avg_expenditure_rm,467.418706413197,Economic
KUL,2025,dts_hotels_count,510.0,Economic
KUL,2025,dts_rooms_count,100846.0,Economic
KUL,2025,expenditure_per_visitor,482.20832841429484,Economic
KUL,2025,international_arrivals_share,,Economic
KUL,2025,tourism_concentration_ratio,,Economic
KUL,2025,tourism_receipts_rm_mil,16906.1917737811,Economic
KUL,2025,tourism_trips_000,36169.2665308865,Economic
KUL,2025,coastal_area_fraction,0.0,Environmental
KUL,2025,estimated_coastal_hotels,0.0,Environmental
KUL,2025,estimated_pa_hotels,80.0,Environmental
KUL,2025,green_hotel_count,5.0,Environmental
KUL,2025,green_hotel_share,0.04504504504504504,Environmental
KUL,2025,n_rivers,,Environmental
KUL,2025,pa_area_fraction,0.724288,Environmental
KUL,2025,waste_tonnes,,Environmental
KUL,2025,wqi_annual,,Environmental
KUL,2025,domestic_visitors_000,35059.9331815272,Social
KUL,2025,hh_water_access,100.0,Social
KUL,2025,hotel_density_per_capita,,Social
KUL,2025,motac_hotels_rated_count,111.0,Social
KUL,2025,population,,Social
LBN,2020,alos_nights,1.57275972260956,Economic
LBN,2020,avg_expenditure_rm,552.75907426449,Economic
LBN,2020,dts_hotels_count,82.0,Economic
LBN,2020,dts_rooms_count,3394.0,Economic
LBN,2020,expenditure_per_visitor,562.0788194671459,Economic
LBN,2020,international_arrivals_share,,Economic
LBN,2020,tourism_concentration_ratio,1.1307045215562566,Economic
LBN,2020,tourism_receipts_rm_mil,60.4403354573022,Economic
LBN,2020,tourism_trips_000,109.343,Economic
LBN,2020,coastal_area_fraction,1.0,Environmental
LBN,2020,estimated_coastal_hotels,4.0,Environmental
LBN,2020,estimated_pa_hotels,0.0,Environmental
LBN,2020,green_hotel_count,,Environmental
LBN,2020,green_hotel_share,0.0,Environmental
LBN,2020,n_rivers,2.0,Environmental
LBN,2020,pa_area_fraction,0.0755,Environmental
LBN,2020,waste_tonnes,,Environmental
LBN,2020,wqi_annual,94.0,Environmental
LBN,2020,domestic_visitors_000,107.53,Social
LBN,2020,hh_water_access,100.0,Social
LBN,2020,hotel_density_per_capita,4.206098843322819,Social
LBN,2020,motac_hotels_rated_count,4.0,Social
LBN,2020,population,95.1,Social
LBN,2021,alos_nights,2.52301554556841,Economic
LBN,2021,avg_expenditure_rm,544.651259476378,Economic
LBN,2021,dts_hotels_count,82.0,Economic
LBN,2021,dts_rooms_count,3394.0,Economic
LBN,2021,expenditure_per_visitor,544.6613645109705,Economic
LBN,2021,international_arrivals_share,,Economic
LBN,2021,tourism_concentration_ratio,0.5614479166666667,Economic
LBN,2021,tourism_receipts_rm_mil,29.3567028857768,Economic
LBN,2021,tourism_trips_000,53.9,Economic
LBN,2021,coastal_area_fraction,1.0,Environmental
LBN,2021,estimated_coastal_hotels,4.0,Environmental
LBN,2021,estimated_pa_hotels,0.0,Environmental
LBN,2021,green_hotel_count,,Environmental
LBN,2021,green_hotel_share,0.0,Environmental
LBN,2021,n_rivers,1.0,Environmental
LBN,2021,pa_area_fraction,0.0755,Environmental
LBN,2021,waste_tonnes,,Environmental
LBN,2021,wqi_annual,91.0,Environmental
LBN,2021,domestic_visitors_000,53.899,Social
LBN,2021,hh_water_access,100.0,Social
LBN,2021,hotel_density_per_capita,4.166666666666666,Social
LBN,2021,motac_hotels_rated_count,4.0,Social
LBN,2021,population,96.0,Social
LBN,2022,alos_nights,3.67016447902791,Economic
LBN,2022,avg_expenditure_rm,517.931040914851,Economic
LBN,2022,dts_hotels_count,82.0,Economic
LBN,2022,dts_rooms_count,3394.0,Economic
LBN,2022,expenditure_per_visitor,559.2792359988633,Economic
LBN,2022,international_arrivals_share,,Economic
LBN,2022,tourism_concentration_ratio,2.514912280701754,Economic
LBN,2022,tourism_receipts_rm_mil,136.293553416743,Economic
LBN,2022,tourism_trips_000,263.15,Economic
LBN,2022,coastal_area_fraction,1.0,Environmental
LBN,2022,estimated_coastal_hotels,4.0,Environmental
LBN,2022,estimated_pa_hotels,0.0,Environmental
LBN,2022,green_hotel_count,,Environmental
LBN,2022,green_hotel_share,0.0,Environmental
LBN,2022,n_rivers,1.0,Environmental
LBN,2022,pa_area_fraction,0.0755,Environmental
LBN,2022,waste_tonnes,,Environmental
LBN,2022,wqi_annual,69.0,Environmental
LBN,2022,domestic_visitors_000,243.695,Social
LBN,2022,hh_water_access,100.0,Social
LBN,2022,hotel_density_per_capita,4.12796697626419,Social
LBN,2022,motac_hotels_rated_count,4.0,Social
LBN,2022,population,96.9,Social
LBN,2023,alos_nights,2.88632094615376,Economic
LBN,2023,avg_expenditure_rm,520.517878972586,Economic
LBN,2023,dts_hotels_count,82.0,Economic
LBN,2023,dts_rooms_count,3394.0,Economic
LBN,2023,expenditure_per_visitor,585.6595856454309,Economic
LBN,2023,international_arrivals_share,,Economic
LBN,2023,tourism_concentration_ratio,3.3302512562814073,Economic
LBN,2023,tourism_receipts_rm_mil,194.06416029947,Economic
LBN,2023,tourism_trips_000,372.829,Economic
LBN,2023,coastal_area_fraction,1.0,Environmental
LBN,2023,estimated_coastal_hotels,4.0,Environmental
LBN,2023,estimated_pa_hotels,0.0,Environmental
LBN,2023,green_hotel_count,,Environmental
LBN,2023,green_hotel_share,0.0,Environmental
LBN,2023,n_rivers,1.0,Environmental
LBN,2023,pa_area_fraction,0.0755,Environmental
LBN,2023,waste_tonnes,,Environmental
LBN,2023,wqi_annual,80.0,Environmental
LBN,2023,domestic_visitors_000,331.36,Social
LBN,2023,hh_water_access,100.0,Social
LBN,2023,hotel_density_per_capita,4.0201005025125625,Social
LBN,2023,motac_hotels_rated_count,4.0,Social
LBN,2023,population,99.5,Social
LBN,2024,alos_nights,2.83685525655005,Economic
LBN,2024,avg_expenditure_rm,549.076935864962,Economic
LBN,2024,dts_hotels_count,82.0,Economic
LBN,2024,dts_rooms_count,3394.0,Economic
LBN,2024,expenditure_per_visitor,588.4012146913841,Economic
LBN,2024,international_arrivals_share,,Economic
LBN,2024,tourism_concentration_ratio,,Economic
LBN,2024,tourism_receipts_rm_mil,264.562838161687,Economic
LBN,2024,tourism_trips_000,481.832,Economic
LBN,2024,coastal_area_fraction,1.0,Environmental
LBN,2024,estimated_coastal_hotels,4.0,Environmental
LBN,2024,estimated_pa_hotels,0.0,Environmental
LBN,2024,green_hotel_count,,Environmental
LBN,2024,green_hotel_share,0.0,Environmental
LBN,2024,n_rivers,,Environmental
LBN,2024,pa_area_fraction,0.0755,Environmental
LBN,2024,waste_tonnes,,Environmental
LBN,2024,wqi_annual,,Environmental
LBN,2024,domestic_visitors_000,449.63,Social
LBN,2024,hh_water_access,100.0,Social
LBN,2024,hotel_density_per_capita,,Social
LBN,2024,motac_hotels_rated_count,4.0,Social
LBN,2024,population,,Social
LBN,2025,alos_nights,2.5111429216529,Economic
LBN,2025,avg_expenditure_rm,556.906326483549,Economic
LBN,2025,dts_hotels_count,86.0,Economic
LBN,2025,dts_rooms_count,3716.0,Economic
LBN,2025,expenditure_per_visitor,627.5745688235733,Economic
LBN,2025,international_arrivals_share,,Economic
LBN,2025,tourism_concentration_ratio,,Economic
LBN,2025,tourism_receipts_rm_mil,379.287242159903,Economic
LBN,2025,tourism_trips_000,681.061112296607,Economic
LBN,2025,coastal_area_fraction,1.0,Environmental
LBN,2025,estimated_coastal_hotels,4.0,Environmental
LBN,2025,estimated_pa_hotels,0.0,Environmental
LBN,2025,green_hotel_count,,Environmental
LBN,2025,green_hotel_share,0.0,Environmental
LBN,2025,n_rivers,,Environmental
LBN,2025,pa_area_fraction,0.0755,Environmental
LBN,2025,waste_tonnes,,Environmental
LBN,2025,wqi_annual,,Environmental
LBN,2025,domestic_visitors_000,604.37,Social
LBN,2025,hh_water_access,100.0,Social
LBN,2025,hotel_density_per_capita,,Social
LBN,2025,motac_hotels_rated_count,4.0,Social
LBN,2025,population,,Social
MLK,2020,alos_nights,1.80179499171813,Economic
MLK,2020,avg_expenditure_rm,238.118996342775,Economic
MLK,2020,dts_hotels_count,344.0,Economic
MLK,2020,dts_rooms_count,33858.0,Economic
MLK,2020,expenditure_per_visitor,326.1543380293371,Economic
MLK,2020,international_arrivals_share,,Economic
MLK,2020,tourism_concentration_ratio,7.286204927884615,Economic
MLK,2020,tourism_receipts_rm_mil,2372.6250612483,Economic
MLK,2020,tourism_trips_000,9964.031,Economic
MLK,2020,coastal_area_fraction,0.21115,Environmental
MLK,2020,estimated_coastal_hotels,14.0,Environmental
MLK,2020,estimated_pa_hotels,9.0,Environmental
MLK,2020,green_hotel_count,,Environmental
MLK,2020,green_hotel_share,0.0,Environmental
MLK,2020,n_rivers,27.0,Environmental
MLK,2020,pa_area_fraction,0.129279,Environmental
MLK,2020,waste_tonnes,,Environmental
MLK,2020,wqi_annual,69.11,Environmental
MLK,2020,domestic_visitors_000,7274.547,Social
MLK,2020,hh_water_access,100.0,Social
MLK,2020,hotel_density_per_capita,6.610576923076923,Social
MLK,2020,motac_hotels_rated_count,66.0,Social
MLK,2020,population,998.4,Social
MLK,2021,alos_nights,1.8643007203704,Economic
MLK,2021,avg_expenditure_rm,230.076070285086,Economic
MLK,2021,dts_hotels_count,346.0,Economic
MLK,2021,dts_rooms_count,34062.0,Economic
MLK,2021,expenditure_per_visitor,258.916055327211,Economic
MLK,2021,international_arrivals_share,,Economic
MLK,2021,tourism_concentration_ratio,3.860766550522648,Economic
MLK,2021,tourism_receipts_rm_mil,1004.11271080667,Economic
MLK,2021,tourism_trips_000,4364.264,Economic
MLK,2021,coastal_area_fraction,0.21115,Environmental
MLK,2021,estimated_coastal_hotels,14.0,Environmental
MLK,2021,estimated_pa_hotels,9.0,Environmental
MLK,2021,green_hotel_count,,Environmental
MLK,2021,green_hotel_share,0.0,Environmental
MLK,2021,n_rivers,11.0,Environmental
MLK,2021,pa_area_fraction,0.129279,Environmental
MLK,2021,waste_tonnes,,Environmental
MLK,2021,wqi_annual,71.09,Environmental
MLK,2021,domestic_visitors_000,3878.14,Social
MLK,2021,hh_water_access,100.0,Social
MLK,2021,hotel_density_per_capita,6.570433051269288,Social
MLK,2021,motac_hotels_rated_count,66.0,Social
MLK,2021,population,1004.5,Social
MLK,2022,alos_nights,2.13841463522688,Economic
MLK,2022,avg_expenditure_rm,290.532602800646,Economic
MLK,2022,dts_hotels_count,352.0,Economic
MLK,2022,dts_rooms_count,36110.0,Economic
MLK,2022,expenditure_per_visitor,411.88443257136373,Economic
MLK,2022,international_arrivals_share,,Economic
MLK,2022,tourism_concentration_ratio,11.656916517945666,Economic
MLK,2022,tourism_receipts_rm_mil,4842.59364655733,Economic
MLK,2022,tourism_trips_000,16667.987,Economic
MLK,2022,coastal_area_fraction,0.21115,Environmental
MLK,2022,estimated_coastal_hotels,14.0,Environmental
MLK,2022,estimated_pa_hotels,9.0,Environmental
MLK,2022,green_hotel_count,,Environmental
MLK,2022,green_hotel_share,0.0,Environmental
MLK,2022,n_rivers,16.0,Environmental
MLK,2022,pa_area_fraction,0.129279,Environmental
MLK,2022,waste_tonnes,5378.53,Environmental
MLK,2022,wqi_annual,59.81,Environmental
MLK,2022,domestic_visitors_000,11757.166,Social
MLK,2022,hh_water_access,100.0,Social
MLK,2022,hotel_density_per_capita,6.543723973825104,Social
MLK,2022,motac_hotels_rated_count,66.0,Social
MLK,2022,population,1008.6,Social
MLK,2023,alos_nights,2.23400775634919,Economic
MLK,2023,avg_expenditure_rm,320.418463117192,Economic
MLK,2023,dts_hotels_count,354.0,Economic
MLK,2023,dts_rooms_count,36446.0,Economic
MLK,2023,expenditure_per_visitor,413.8152413378497,Economic
MLK,2023,international_arrivals_share,,Economic
MLK,2023,tourism_concentration_ratio,15.142249148418491,Economic
MLK,2023,tourism_receipts_rm_mil,6438.41105660879,Economic
MLK,2023,tourism_trips_000,20093.758,Economic
MLK,2023,coastal_area_fraction,0.21115,Environmental
MLK,2023,estimated_coastal_hotels,14.0,Environmental
MLK,2023,estimated_pa_hotels,9.0,Environmental
MLK,2023,green_hotel_count,,Environmental
MLK,2023,green_hotel_share,0.0,Environmental
MLK,2023,n_rivers,13.0,Environmental
MLK,2023,pa_area_fraction,0.129279,Environmental
MLK,2023,waste_tonnes,,Environmental
MLK,2023,wqi_annual,62.69,Environmental
MLK,2023,domestic_visitors_000,15558.661,Social
MLK,2023,hh_water_access,100.0,Social
MLK,2023,hotel_density_per_capita,6.423357664233577,Social
MLK,2023,motac_hotels_rated_count,66.0,Social
MLK,2023,population,1027.5,Social
MLK,2024,alos_nights,2.13441079422518,Economic
MLK,2024,avg_expenditure_rm,328.169251447828,Economic
MLK,2024,dts_hotels_count,354.0,Economic
MLK,2024,dts_rooms_count,36536.0,Economic
MLK,2024,expenditure_per_visitor,414.73434270508915,Economic
MLK,2024,international_arrivals_share,,Economic
MLK,2024,tourism_concentration_ratio,,Economic
MLK,2024,tourism_receipts_rm_mil,7933.20647467174,Economic
MLK,2024,tourism_trips_000,24174.131,Economic
MLK,2024,coastal_area_fraction,0.21115,Environmental
MLK,2024,estimated_coastal_hotels,14.0,Environmental
MLK,2024,estimated_pa_hotels,9.0,Environmental
MLK,2024,green_hotel_count,,Environmental
MLK,2024,green_hotel_share,0.0,Environmental
MLK,2024,n_rivers,7.0,Environmental
MLK,2024,pa_area_fraction,0.129279,Environmental
MLK,2024,waste_tonnes,,Environmental
MLK,2024,wqi_annual,70.0,Environmental
MLK,2024,domestic_visitors_000,19128.405,Social
MLK,2024,hh_water_access,,Social
MLK,2024,hotel_density_per_capita,,Social
MLK,2024,motac_hotels_rated_count,66.0,Social
MLK,2024,population,,Social
MLK,2025,alos_nights,2.11048007597558,Economic
MLK,2025,avg_expenditure_rm,330.316605435771,Economic
MLK,2025,dts_hotels_count,362.0,Economic
MLK,2025,dts_rooms_count,41100.0,Economic
MLK,2025,expenditure_per_visitor,419.1778041676449,Economic
MLK,2025,international_arrivals_share,,Economic
MLK,2025,tourism_concentration_ratio,,Economic
MLK,2025,tourism_receipts_rm_mil,8732.39649344146,Economic
MLK,2025,tourism_trips_000,26436.4441561187,Economic
MLK,2025,coastal_area_fraction,0.21115,Environmental
MLK,2025,estimated_coastal_hotels,14.0,Environmental
MLK,2025,estimated_pa_hotels,9.0,Environmental
MLK,2025,green_hotel_count,,Environmental
MLK,2025,green_hotel_share,0.0,Environmental
MLK,2025,n_rivers,7.0,Environmental
MLK,2025,pa_area_fraction,0.129279,Environmental
MLK,2025,waste_tonnes,,Environmental
MLK,2025,wqi_annual,57.57,Environmental
MLK,2025,domestic_visitors_000,20832.201530282,Social
MLK,2025,hh_water_access,,Social
MLK,2025,hotel_density_per_capita,,Social
MLK,2025,motac_hotels_rated_count,66.0,Social
MLK,2025,population,,Social
NSN,2020,alos_nights,1.89511215363317,Economic
NSN,2020,avg_expenditure_rm,233.400956610198,Economic
NSN,2020,dts_hotels_count,,Economic
NSN,2020,dts_rooms_count,,Economic
NSN,2020,expenditure_per_visitor,282.0225497320952,Economic
NSN,2020,international_arrivals_share,,Economic
NSN,2020,tourism_concentration_ratio,6.598113333333333,Economic
NSN,2020,tourism_receipts_rm_mil,2232.9800948256,Economic
NSN,2020,tourism_trips_000,9567.142,Economic
NSN,2020,coastal_area_fraction,0.035634,Environmental
NSN,2020,estimated_coastal_hotels,1.0,Environmental
NSN,2020,estimated_pa_hotels,15.0,Environmental
NSN,2020,green_hotel_count,1.0,Environmental
NSN,2020,green_hotel_share,0.02702702702702703,Environmental
NSN,2020,n_rivers,17.0,Environmental
NSN,2020,pa_area_fraction,0.408746,Environmental
NSN,2020,waste_tonnes,,Environmental
NSN,2020,wqi_annual,73.59,Environmental
NSN,2020,domestic_visitors_000,7917.736,Social
NSN,2020,hh_water_access,99.9,Social
NSN,2020,hotel_density_per_capita,3.0833333333333335,Social
NSN,2020,motac_hotels_rated_count,37.0,Social
NSN,2020,population,1200.0,Social
NSN,2021,alos_nights,1.72219303562174,Economic
NSN,2021,avg_expenditure_rm,185.113161679384,Economic
NSN,2021,dts_hotels_count,282.0,Economic
NSN,2021,dts_rooms_count,18792.0,Economic
NSN,2021,expenditure_per_visitor,221.21194428936752,Economic
NSN,2021,international_arrivals_share,,Economic
NSN,2021,tourism_concentration_ratio,4.555032386646737,Economic
NSN,2021,tourism_receipts_rm_mil,1213.38512045771,Economic
NSN,2021,tourism_trips_000,6554.829,Economic
NSN,2021,coastal_area_fraction,0.035634,Environmental
NSN,2021,estimated_coastal_hotels,1.0,Environmental
NSN,2021,estimated_pa_hotels,15.0,Environmental
NSN,2021,green_hotel_count,1.0,Environmental
NSN,2021,green_hotel_share,0.02702702702702703,Environmental
NSN,2021,n_rivers,9.0,Environmental
NSN,2021,pa_area_fraction,0.408746,Environmental
NSN,2021,waste_tonnes,,Environmental
NSN,2021,wqi_annual,75.22,Environmental
NSN,2021,domestic_visitors_000,5485.17,Social
NSN,2021,hh_water_access,99.9,Social
NSN,2021,hotel_density_per_capita,3.0725793057631625,Social
NSN,2021,motac_hotels_rated_count,37.0,Social
NSN,2021,population,1204.2,Social
NSN,2022,alos_nights,2.4775740593211,Economic
NSN,2022,avg_expenditure_rm,255.72092289879,Economic
NSN,2022,dts_hotels_count,286.0,Economic
NSN,2022,dts_rooms_count,19084.0,Economic
NSN,2022,expenditure_per_visitor,317.7802302143907,Economic
NSN,2022,international_arrivals_share,,Economic
NSN,2022,tourism_concentration_ratio,9.512496067555261,Economic
NSN,2022,tourism_receipts_rm_mil,3651.3406055165,Economic
NSN,2022,tourism_trips_000,14278.615,Economic
NSN,2022,coastal_area_fraction,0.035634,Environmental
NSN,2022,estimated_coastal_hotels,1.0,Environmental
NSN,2022,estimated_pa_hotels,15.0,Environmental
NSN,2022,green_hotel_count,1.0,Environmental
NSN,2022,green_hotel_share,0.02702702702702703,Environmental
NSN,2022,n_rivers,10.0,Environmental
NSN,2022,pa_area_fraction,0.408746,Environmental
NSN,2022,waste_tonnes,,Environmental
NSN,2022,wqi_annual,68.6,Environmental
NSN,2022,domestic_visitors_000,11490.144,Social
NSN,2022,hh_water_access,99.8,Social
NSN,2022,hotel_density_per_capita,3.0631674807517175,Social
NSN,2022,motac_hotels_rated_count,37.0,Social
NSN,2022,population,1207.9,Social
NSN,2023,alos_nights,2.41840105295885,Economic
NSN,2023,avg_expenditure_rm,268.378701850998,Economic
NSN,2023,dts_hotels_count,286.0,Economic
NSN,2023,dts_rooms_count,19072.0,Economic
NSN,2023,expenditure_per_visitor,319.34829609664246,Economic
NSN,2023,international_arrivals_share,,Economic
NSN,2023,tourism_concentration_ratio,12.218794413134036,Economic
NSN,2023,tourism_receipts_rm_mil,4777.28125500884,Economic
NSN,2023,tourism_trips_000,17800.523,Economic
NSN,2023,coastal_area_fraction,0.035634,Environmental
NSN,2023,estimated_coastal_hotels,1.0,Environmental
NSN,2023,estimated_pa_hotels,15.0,Environmental
NSN,2023,green_hotel_count,1.0,Environmental
NSN,2023,green_hotel_share,0.02702702702702703,Environmental
NSN,2023,n_rivers,10.0,Environmental
NSN,2023,pa_area_fraction,0.408746,Environmental
NSN,2023,waste_tonnes,,Environmental
NSN,2023,wqi_annual,77.1,Environmental
NSN,2023,domestic_visitors_000,14959.47,Social
NSN,2023,hh_water_access,99.8,Social
NSN,2023,hotel_density_per_capita,3.0221350976067956,Social
NSN,2023,motac_hotels_rated_count,37.0,Social
NSN,2023,population,1224.3,Social
NSN,2024,alos_nights,2.25257557638478,Economic
NSN,2024,avg_expenditure_rm,269.037135995746,Economic
NSN,2024,dts_hotels_count,290.0,Economic
NSN,2024,dts_rooms_count,19214.0,Economic
NSN,2024,expenditure_per_visitor,330.03185742014466,Economic
NSN,2024,international_arrivals_share,,Economic
NSN,2024,tourism_concentration_ratio,,Economic
NSN,2024,tourism_receipts_rm_mil,5869.462129308,Economic
NSN,2024,tourism_trips_000,21816.55,Economic
NSN,2024,coastal_area_fraction,0.035634,Environmental
NSN,2024,estimated_coastal_hotels,1.0,Environmental
NSN,2024,estimated_pa_hotels,15.0,Environmental
NSN,2024,green_hotel_count,1.0,Environmental
NSN,2024,green_hotel_share,0.02702702702702703,Environmental
NSN,2024,n_rivers,6.0,Environmental
NSN,2024,pa_area_fraction,0.408746,Environmental
NSN,2024,waste_tonnes,,Environmental
NSN,2024,wqi_annual,75.33,Environmental
NSN,2024,domestic_visitors_000,17784.532,Social
NSN,2024,hh_water_access,,Social
NSN,2024,hotel_density_per_capita,,Social
NSN,2024,motac_hotels_rated_count,37.0,Social
NSN,2024,population,,Social
NSN,2025,alos_nights,2.29491785206345,Economic
NSN,2025,avg_expenditure_rm,271.325492932631,Economic
NSN,2025,dts_hotels_count,320.0,Economic
NSN,2025,dts_rooms_count,26548.0,Economic
NSN,2025,expenditure_per_visitor,337.31546302573526,Economic
NSN,2025,international_arrivals_share,,Economic
NSN,2025,tourism_concentration_ratio,,Economic
NSN,2025,tourism_receipts_rm_mil,6529.26193925348,Economic
NSN,2025,tourism_trips_000,24064.3142989688,Economic
NSN,2025,coastal_area_fraction,0.035634,Environmental
NSN,2025,estimated_coastal_hotels,1.0,Environmental
NSN,2025,estimated_pa_hotels,15.0,Environmental
NSN,2025,green_hotel_count,1.0,Environmental
NSN,2025,green_hotel_share,0.02702702702702703,Environmental
NSN,2025,n_rivers,6.0,Environmental
NSN,2025,pa_area_fraction,0.408746,Environmental
NSN,2025,waste_tonnes,,Environmental
NSN,2025,wqi_annual,64.17,Environmental
NSN,2025,domestic_visitors_000,19356.545,Social
NSN,2025,hh_water_access,,Social
NSN,2025,hotel_density_per_capita,,Social
NSN,2025,motac_hotels_rated_count,37.0,Social
NSN,2025,population,,Social
PHG,2020,alos_nights,1.92726887226897,Economic
PHG,2020,avg_expenditure_rm,264.733443048942,Economic
PHG,2020,dts_hotels_count,600.0,Economic
PHG,2020,dts_rooms_count,50750.0,Economic
PHG,2020,expenditure_per_visitor,277.44061902222836,Economic
PHG,2020,international_arrivals_share,,Economic
PHG,2020,tourism_concentration_ratio,6.224471815496764,Economic
PHG,2020,tourism_receipts_rm_mil,2748.04988629641,Economic
PHG,2020,tourism_trips_000,10380.441,Economic
PHG,2020,coastal_area_fraction,0.027,Environmental
PHG,2020,estimated_coastal_hotels,2.0,Environmental
PHG,2020,estimated_pa_hotels,28.0,Environmental
PHG,2020,green_hotel_count,2.0,Environmental
PHG,2020,green_hotel_share,0.03508771929824561,Environmental
PHG,2020,n_rivers,54.0,Environmental
PHG,2020,pa_area_fraction,0.492984,Environmental
PHG,2020,waste_tonnes,,Environmental
PHG,2020,wqi_annual,82.35,Environmental
PHG,2020,domestic_visitors_000,9905.002,Social
PHG,2020,hh_water_access,97.9,Social
PHG,2020,hotel_density_per_capita,3.581976999937159,Social
PHG,2020,motac_hotels_rated_count,57.0,Social
PHG,2020,population,1591.3,Social
PHG,2021,alos_nights,1.92173287260011,Economic
PHG,2021,avg_expenditure_rm,260.879802567185,Economic
PHG,2021,dts_hotels_count,602.0,Economic
PHG,2021,dts_rooms_count,51054.0,Economic
PHG,2021,expenditure_per_visitor,268.55784455526805,Economic
PHG,2021,international_arrivals_share,,Economic
PHG,2021,tourism_concentration_ratio,2.1259893849516076,Economic
PHG,2021,tourism_receipts_rm_mil,914.378229522129,Economic
PHG,2021,tourism_trips_000,3504.979,Economic
PHG,2021,coastal_area_fraction,0.027,Environmental
PHG,2021,estimated_coastal_hotels,2.0,Environmental
PHG,2021,estimated_pa_hotels,28.0,Environmental
PHG,2021,green_hotel_count,2.0,Environmental
PHG,2021,green_hotel_share,0.03508771929824561,Environmental
PHG,2021,n_rivers,25.0,Environmental
PHG,2021,pa_area_fraction,0.492984,Environmental
PHG,2021,waste_tonnes,,Environmental
PHG,2021,wqi_annual,78.4,Environmental
PHG,2021,domestic_visitors_000,3404.772,Social
PHG,2021,hh_water_access,97.9,Social
PHG,2021,hotel_density_per_capita,3.5591632844208556,Social
PHG,2021,motac_hotels_rated_count,57.0,Social
PHG,2021,population,1601.5,Social
PHG,2022,alos_nights,2.10555957854831,Economic
PHG,2022,avg_expenditure_rm,354.594465490744,Economic
PHG,2022,dts_hotels_count,604.0,Economic
PHG,2022,dts_rooms_count,51202.0,Economic
PHG,2022,expenditure_per_visitor,403.12423906797716,Economic
PHG,2022,international_arrivals_share,,Economic
PHG,2022,tourism_concentration_ratio,8.170079291333705,Economic
PHG,2022,tourism_receipts_rm_mil,5316.78906097375,Economic
PHG,2022,tourism_trips_000,14993.999,Economic
PHG,2022,coastal_area_fraction,0.027,Environmental
PHG,2022,estimated_coastal_hotels,2.0,Environmental
PHG,2022,estimated_pa_hotels,28.0,Environmental
PHG,2022,green_hotel_count,2.0,Environmental
PHG,2022,green_hotel_share,0.03508771929824561,Environmental
PHG,2022,n_rivers,19.0,Environmental
PHG,2022,pa_area_fraction,0.492984,Environmental
PHG,2022,waste_tonnes,9278.12,Environmental
PHG,2022,wqi_annual,77.74,Environmental
PHG,2022,domestic_visitors_000,13188.959,Social
PHG,2022,hh_water_access,98.3,Social
PHG,2022,hotel_density_per_capita,3.530942204051292,Social
PHG,2022,motac_hotels_rated_count,57.0,Social
PHG,2022,population,1614.3,Social
PHG,2023,alos_nights,2.12715370546925,Economic
PHG,2023,avg_expenditure_rm,381.865639613674,Economic
PHG,2023,dts_hotels_count,606.0,Economic
PHG,2023,dts_rooms_count,51248.0,Economic
PHG,2023,expenditure_per_visitor,409.18332671805535,Economic
PHG,2023,international_arrivals_share,,Economic
PHG,2023,tourism_concentration_ratio,10.017390272112983,Economic
PHG,2023,tourism_receipts_rm_mil,6733.34364809185,Economic
PHG,2023,tourism_trips_000,17632.756,Economic
PHG,2023,coastal_area_fraction,0.027,Environmental
PHG,2023,estimated_coastal_hotels,2.0,Environmental
PHG,2023,estimated_pa_hotels,28.0,Environmental
PHG,2023,green_hotel_count,2.0,Environmental
PHG,2023,green_hotel_share,0.03508771929824561,Environmental
PHG,2023,n_rivers,24.0,Environmental
PHG,2023,pa_area_fraction,0.492984,Environmental
PHG,2023,waste_tonnes,,Environmental
PHG,2023,wqi_annual,83.67,Environmental
PHG,2023,domestic_visitors_000,16455.567,Social
PHG,2023,hh_water_access,98.3,Social
PHG,2023,hotel_density_per_capita,3.469897120594144,Social
PHG,2023,motac_hotels_rated_count,57.0,Social
PHG,2023,population,1642.7,Social
PHG,2024,alos_nights,2.16717969419742,Economic
PHG,2024,avg_expenditure_rm,384.28211516556,Economic
PHG,2024,dts_hotels_count,606.0,Economic
PHG,2024,dts_rooms_count,51248.0,Economic
PHG,2024,expenditure_per_visitor,431.7345430245982,Economic
PHG,2024,international_arrivals_share,,Economic
PHG,2024,tourism_concentration_ratio,,Economic
PHG,2024,tourism_receipts_rm_mil,8709.75913589491,Economic
PHG,2024,tourism_trips_000,22665.013,Economic
PHG,2024,coastal_area_fraction,0.027,Environmental
PHG,2024,estimated_coastal_hotels,2.0,Environmental
PHG,2024,estimated_pa_hotels,28.0,Environmental
PHG,2024,green_hotel_count,2.0,Environmental
PHG,2024,green_hotel_share,0.03508771929824561,Environmental
PHG,2024,n_rivers,20.0,Environmental
PHG,2024,pa_area_fraction,0.492984,Environmental
PHG,2024,waste_tonnes,,Environmental
PHG,2024,wqi_annual,82.85,Environmental
PHG,2024,domestic_visitors_000,20173.876,Social
PHG,2024,hh_water_access,,Social
PHG,2024,hotel_density_per_capita,,Social
PHG,2024,motac_hotels_rated_count,57.0,Social
PHG,2024,population,,Social
PHG,2025,alos_nights,2.20889169822045,Economic
PHG,2025,avg_expenditure_rm,389.4271811099,Economic
PHG,2025,dts_hotels_count,610.0,Economic
PHG,2025,dts_rooms_count,52074.0,Economic
PHG,2025,expenditure_per_visitor,425.1413303043223,Economic
PHG,2025,international_arrivals_share,,Economic
PHG,2025,tourism_concentration_ratio,,Economic
PHG,2025,tourism_receipts_rm_mil,9846.76892463924,Economic
PHG,2025,tourism_trips_000,25285.2635929909,Economic
PHG,2025,coastal_area_fraction,0.027,Environmental
PHG,2025,estimated_coastal_hotels,2.0,Environmental
PHG,2025,estimated_pa_hotels,28.0,Environmental
PHG,2025,green_hotel_count,2.0,Environmental
PHG,2025,green_hotel_share,0.03508771929824561,Environmental
PHG,2025,n_rivers,5.0,Environmental
PHG,2025,pa_area_fraction,0.492984,Environmental
PHG,2025,waste_tonnes,,Environmental
PHG,2025,wqi_annual,77.2,Environmental
PHG,2025,domestic_visitors_000,23161.166,Social
PHG,2025,hh_water_access,,Social
PHG,2025,hotel_density_per_capita,,Social
PHG,2025,motac_hotels_rated_count,57.0,Social
PHG,2025,population,,Social
PJY,2020,alos_nights,1.97566682671892,Economic
PJY,2020,avg_expenditure_rm,311.271836413617,Economic
PJY,2020,dts_hotels_count,14.0,Economic
PJY,2020,dts_rooms_count,3538.0,Economic
PJY,2020,expenditure_per_visitor,314.57697746790046,Economic
PJY,2020,international_arrivals_share,,Economic
PJY,2020,tourism_concentration_ratio,4.1310714285714285,Economic
PJY,2020,tourism_receipts_rm_mil,141.909764036477,Economic
PJY,2020,tourism_trips_000,455.903,Economic
PJY,2020,coastal_area_fraction,0.0,Environmental
PJY,2020,estimated_coastal_hotels,0.0,Environmental
PJY,2020,estimated_pa_hotels,1.0,Environmental
PJY,2020,green_hotel_count,,Environmental
PJY,2020,green_hotel_share,0.0,Environmental
PJY,2020,n_rivers,3.0,Environmental
PJY,2020,pa_area_fraction,0.143691,Environmental
PJY,2020,waste_tonnes,,Environmental
PJY,2020,wqi_annual,80.0,Environmental
PJY,2020,domestic_visitors_000,451.113,Social
PJY,2020,hh_water_access,100.0,Social
PJY,2020,hotel_density_per_capita,7.326007326007327,Social
PJY,2020,motac_hotels_rated_count,8.0,Social
PJY,2020,population,109.2,Social
PJY,2021,alos_nights,2.2291693802597,Economic
PJY,2021,avg_expenditure_rm,289.733181683962,Economic
PJY,2021,dts_hotels_count,14.0,Economic
PJY,2021,dts_rooms_count,3538.0,Economic
PJY,2021,expenditure_per_visitor,304.2753173331762,Economic
PJY,2021,international_arrivals_share,,Economic
PJY,2021,tourism_concentration_ratio,1.9358159722222221,Economic
PJY,2021,tourism_receipts_rm_mil,67.8552214172023,Economic
PJY,2021,tourism_trips_000,234.199,Economic
PJY,2021,coastal_area_fraction,0.0,Environmental
PJY,2021,estimated_coastal_hotels,0.0,Environmental
PJY,2021,estimated_pa_hotels,1.0,Environmental
PJY,2021,green_hotel_count,,Environmental
PJY,2021,green_hotel_share,0.0,Environmental
PJY,2021,n_rivers,,Environmental
PJY,2021,pa_area_fraction,0.143691,Environmental
PJY,2021,waste_tonnes,,Environmental
PJY,2021,wqi_annual,,Environmental
PJY,2021,domestic_visitors_000,223.006,Social
PJY,2021,hh_water_access,100.0,Social
PJY,2021,hotel_density_per_capita,6.944444444444445,Social
PJY,2021,motac_hotels_rated_count,8.0,Social
PJY,2021,population,115.2,Social
PJY,2022,alos_nights,2.68201347432327,Economic
PJY,2022,avg_expenditure_rm,293.986883777739,Economic
PJY,2022,dts_hotels_count,14.0,Economic
PJY,2022,dts_rooms_count,3538.0,Economic
PJY,2022,expenditure_per_visitor,349.20195616701153,Economic
PJY,2022,international_arrivals_share,,Economic
PJY,2022,tourism_concentration_ratio,11.160752136752137,Economic
PJY,2022,tourism_receipts_rm_mil,455.990707978533,Economic
PJY,2022,tourism_trips_000,1551.058,Economic
PJY,2022,coastal_area_fraction,0.0,Environmental
PJY,2022,estimated_coastal_hotels,0.0,Environmental
PJY,2022,estimated_pa_hotels,1.0,Environmental
PJY,2022,green_hotel_count,,Environmental
PJY,2022,green_hotel_share,0.0,Environmental
PJY,2022,n_rivers,,Environmental
PJY,2022,pa_area_fraction,0.143691,Environmental
PJY,2022,waste_tonnes,43662.43,Environmental
PJY,2022,wqi_annual,,Environmental
PJY,2022,domestic_visitors_000,1305.808,Social
PJY,2022,hh_water_access,100.0,Social
PJY,2022,hotel_density_per_capita,6.837606837606838,Social
PJY,2022,motac_hotels_rated_count,8.0,Social
PJY,2022,population,117.0,Social
PJY,2023,alos_nights,2.07967253905832,Economic
PJY,2023,avg_expenditure_rm,340.900665253711,Economic
PJY,2023,dts_hotels_count,14.0,Economic
PJY,2023,dts_rooms_count,3538.0,Economic
PJY,2023,expenditure_per_visitor,352.4186571461761,Economic
PJY,2023,international_arrivals_share,,Economic
PJY,2023,tourism_concentration_ratio,15.942776845637583,Economic
PJY,2023,tourism_receipts_rm_mil,669.729015248793,Economic
PJY,2023,tourism_trips_000,1964.587,Economic
PJY,2023,coastal_area_fraction,0.0,Environmental
PJY,2023,estimated_coastal_hotels,0.0,Environmental
PJY,2023,estimated_pa_hotels,1.0,Environmental
PJY,2023,green_hotel_count,,Environmental
PJY,2023,green_hotel_share,0.0,Environmental
PJY,2023,n_rivers,3.0,Environmental
PJY,2023,pa_area_fraction,0.143691,Environmental
PJY,2023,waste_tonnes,,Environmental
PJY,2023,wqi_annual,91.0,Environmental
PJY,2023,domestic_visitors_000,1900.379,Social
PJY,2023,hh_water_access,100.0,Social
PJY,2023,hotel_density_per_capita,6.7114093959731544,Social
PJY,2023,motac_hotels_rated_count,8.0,Social
PJY,2023,population,119.2,Social
PJY,2024,alos_nights,2.14358593212722,Economic
PJY,2024,avg_expenditure_rm,345.613619580919,Economic
PJY,2024,dts_hotels_count,14.0,Economic
PJY,2024,dts_rooms_count,3538.0,Economic
PJY,2024,expenditure_per_visitor,366.45922889793127,Economic
PJY,2024,international_arrivals_share,,Economic
PJY,2024,tourism_concentration_ratio,,Economic
PJY,2024,tourism_receipts_rm_mil,936.976148978471,Economic
PJY,2024,tourism_trips_000,2711.051,Economic
PJY,2024,coastal_area_fraction,0.0,Environmental
PJY,2024,estimated_coastal_hotels,0.0,Environmental
PJY,2024,estimated_pa_hotels,1.0,Environmental
PJY,2024,green_hotel_count,,Environmental
PJY,2024,green_hotel_share,0.0,Environmental
PJY,2024,n_rivers,2.0,Environmental
PJY,2024,pa_area_fraction,0.143691,Environmental
PJY,2024,waste_tonnes,,Environmental
PJY,2024,wqi_annual,77.0,Environmental
PJY,2024,domestic_visitors_000,2556.836,Social
PJY,2024,hh_water_access,100.0,Social
PJY,2024,hotel_density_per_capita,,Social
PJY,2024,motac_hotels_rated_count,8.0,Social
PJY,2024,population,,Social
PJY,2025,alos_nights,2.49800733812141,Economic
PJY,2025,avg_expenditure_rm,355.209001976078,Economic
PJY,2025,dts_hotels_count,14.0,Economic
PJY,2025,dts_rooms_count,3538.0,Economic
PJY,2025,expenditure_per_visitor,392.775222343063,Economic
PJY,2025,international_arrivals_share,,Economic
PJY,2025,tourism_concentration_ratio,,Economic
PJY,2025,tourism_receipts_rm_mil,1235.86095269889,Economic
PJY,2025,tourism_trips_000,3479.25009170269,Economic
PJY,2025,coastal_area_fraction,0.0,Environmental
PJY,2025,estimated_coastal_hotels,0.0,Environmental
PJY,2025,estimated_pa_hotels,1.0,Environmental
PJY,2025,green_hotel_count,,Environmental
PJY,2025,green_hotel_share,0.0,Environmental
PJY,2025,n_rivers,1.0,Environmental
PJY,2025,pa_area_fraction,0.143691,Environmental
PJY,2025,waste_tonnes,,Environmental
PJY,2025,wqi_annual,79.0,Environmental
PJY,2025,domestic_visitors_000,3146.484,Social
PJY,2025,hh_water_access,100.0,Social
PJY,2025,hotel_density_per_capita,,Social
PJY,2025,motac_hotels_rated_count,8.0,Social
PJY,2025,population,,Social
PLS,2020,alos_nights,2.4461569279846,Economic
PLS,2020,avg_expenditure_rm,179.689619709996,Economic
PLS,2020,dts_hotels_count,64.0,Economic
PLS,2020,dts_rooms_count,2490.0,Economic
PLS,2020,expenditure_per_visitor,187.80052372663246,Economic
PLS,2020,international_arrivals_share,,Economic
PLS,2020,tourism_concentration_ratio,4.187813267813268,Economic
PLS,2020,tourism_receipts_rm_mil,224.066307262435,Economic
PLS,2020,tourism_trips_000,1246.963,Economic
PLS,2020,coastal_area_fraction,0.515159,Environmental
PLS,2020,estimated_coastal_hotels,3.0,Environmental
PLS,2020,estimated_pa_hotels,1.0,Environmental
PLS,2020,green_hotel_count,,Environmental
PLS,2020,green_hotel_share,0.0,Environmental
PLS,2020,n_rivers,25.0,Environmental
PLS,2020,pa_area_fraction,0.217586,Environmental
PLS,2020,waste_tonnes,,Environmental
PLS,2020,wqi_annual,87.0,Environmental
PLS,2020,domestic_visitors_000,1193.108,Social
PLS,2020,hh_water_access,99.6,Social
PLS,2020,hotel_density_per_capita,1.755001755001755,Social
PLS,2020,motac_hotels_rated_count,5.0,Social
PLS,2020,population,284.9,Social
PLS,2021,alos_nights,2.20914101234874,Economic
PLS,2021,avg_expenditure_rm,182.778836014478,Economic
PLS,2021,dts_hotels_count,64.0,Economic
PLS,2021,dts_rooms_count,2490.0,Economic
PLS,2021,expenditure_per_visitor,191.774986061877,Economic
PLS,2021,international_arrivals_share,,Economic
PLS,2021,tourism_concentration_ratio,1.4144506258692626,Economic
PLS,2021,tourism_receipts_rm_mil,78.0132972300273,Economic
PLS,2021,tourism_trips_000,426.818,Economic
PLS,2021,coastal_area_fraction,0.515159,Environmental
PLS,2021,estimated_coastal_hotels,3.0,Environmental
PLS,2021,estimated_pa_hotels,1.0,Environmental
PLS,2021,green_hotel_count,,Environmental
PLS,2021,green_hotel_share,0.0,Environmental
PLS,2021,n_rivers,25.0,Environmental
PLS,2021,pa_area_fraction,0.217586,Environmental
PLS,2021,waste_tonnes,,Environmental
PLS,2021,wqi_annual,85.28,Environmental
PLS,2021,domestic_visitors_000,406.796,Social
PLS,2021,hh_water_access,99.6,Social
PLS,2021,hotel_density_per_capita,1.7385257301808066,Social
PLS,2021,motac_hotels_rated_count,5.0,Social
PLS,2021,population,287.6,Social
PLS,2022,alos_nights,2.34666728507533,Economic
PLS,2022,avg_expenditure_rm,253.182171676873,Economic
PLS,2022,dts_hotels_count,64.0,Economic
PLS,2022,dts_rooms_count,2490.0,Economic
PLS,2022,expenditure_per_visitor,272.9604669985939,Economic
PLS,2022,international_arrivals_share,,Economic
PLS,2022,tourism_concentration_ratio,5.759748102139406,Economic
PLS,2022,tourism_receipts_rm_mil,455.618787502378,Economic
PLS,2022,tourism_trips_000,1799.569,Economic
PLS,2022,coastal_area_fraction,0.515159,Environmental
PLS,2022,estimated_coastal_hotels,3.0,Environmental
PLS,2022,estimated_pa_hotels,1.0,Environmental
PLS,2022,green_hotel_count,,Environmental
PLS,2022,green_hotel_share,0.0,Environmental
PLS,2022,n_rivers,25.0,Environmental
PLS,2022,pa_area_fraction,0.217586,Environmental
PLS,2022,waste_tonnes,1825.04,Environmental
PLS,2022,wqi_annual,86.8,Environmental
PLS,2022,domestic_visitors_000,1669.175,Social
PLS,2022,hh_water_access,100.0,Social
PLS,2022,hotel_density_per_capita,1.725327812284334,Social
PLS,2022,motac_hotels_rated_count,5.0,Social
PLS,2022,population,289.8,Social
PLS,2023,alos_nights,2.20641466269676,Economic
PLS,2023,avg_expenditure_rm,272.934834656525,Economic
PLS,2023,dts_hotels_count,64.0,Economic
PLS,2023,dts_rooms_count,2490.0,Economic
PLS,2023,expenditure_per_visitor,299.30223148049873,Economic
PLS,2023,international_arrivals_share,,Economic
PLS,2023,tourism_concentration_ratio,6.664745473180731,Economic
PLS,2023,tourism_receipts_rm_mil,583.870113407444,Economic
PLS,2023,tourism_trips_000,2139.229,Economic
PLS,2023,coastal_area_fraction,0.515159,Environmental
PLS,2023,estimated_coastal_hotels,3.0,Environmental
PLS,2023,estimated_pa_hotels,1.0,Environmental
PLS,2023,green_hotel_count,,Environmental
PLS,2023,green_hotel_share,0.0,Environmental
PLS,2023,n_rivers,24.0,Environmental
PLS,2023,pa_area_fraction,0.217586,Environmental
PLS,2023,waste_tonnes,,Environmental
PLS,2023,wqi_annual,88.83,Environmental
PLS,2023,domestic_visitors_000,1950.771,Social
PLS,2023,hh_water_access,100.0,Social
PLS,2023,hotel_density_per_capita,1.7082336863682952,Social
PLS,2023,motac_hotels_rated_count,5.0,Social
PLS,2023,population,292.7,Social
PLS,2024,alos_nights,2.48663839005127,Economic
PLS,2024,avg_expenditure_rm,273.987282764308,Economic
PLS,2024,dts_hotels_count,64.0,Economic
PLS,2024,dts_rooms_count,2570.0,Economic
PLS,2024,expenditure_per_visitor,310.9087321051005,Economic
PLS,2024,international_arrivals_share,,Economic
PLS,2024,tourism_concentration_ratio,,Economic
PLS,2024,tourism_receipts_rm_mil,1002.81372997629,Economic
PLS,2024,tourism_trips_000,3660.074,Economic
PLS,2024,coastal_area_fraction,0.515159,Environmental
PLS,2024,estimated_coastal_hotels,3.0,Environmental
PLS,2024,estimated_pa_hotels,1.0,Environmental
PLS,2024,green_hotel_count,,Environmental
PLS,2024,green_hotel_share,0.0,Environmental
PLS,2024,n_rivers,20.0,Environmental
PLS,2024,pa_area_fraction,0.217586,Environmental
PLS,2024,waste_tonnes,,Environmental
PLS,2024,wqi_annual,87.6,Environmental
PLS,2024,domestic_visitors_000,3225.428,Social
PLS,2024,hh_water_access,100.0,Social
PLS,2024,hotel_density_per_capita,,Social
PLS,2024,motac_hotels_rated_count,5.0,Social
PLS,2024,population,,Social
PLS,2025,alos_nights,2.24678266562286,Economic
PLS,2025,avg_expenditure_rm,279.38563855306,Economic
PLS,2025,dts_hotels_count,66.0,Economic
PLS,2025,dts_rooms_count,2642.0,Economic
PLS,2025,expenditure_per_visitor,322.49903658011516,Economic
PLS,2025,international_arrivals_share,,Economic
PLS,2025,tourism_concentration_ratio,,Economic
PLS,2025,tourism_receipts_rm_mil,1211.20382670128,Economic
PLS,2025,tourism_trips_000,4335.24011103116,Economic
PLS,2025,coastal_area_fraction,0.515159,Environmental
PLS,2025,estimated_coastal_hotels,3.0,Environmental
PLS,2025,estimated_pa_hotels,1.0,Environmental
PLS,2025,green_hotel_count,,Environmental
PLS,2025,green_hotel_share,0.0,Environmental
PLS,2025,n_rivers,17.0,Environmental
PLS,2025,pa_area_fraction,0.217586,Environmental
PLS,2025,waste_tonnes,,Environmental
PLS,2025,wqi_annual,88.76,Environmental
PLS,2025,domestic_visitors_000,3755.682,Social
PLS,2025,hh_water_access,100.0,Social
PLS,2025,hotel_density_per_capita,,Social
PLS,2025,motac_hotels_rated_count,5.0,Social
PLS,2025,population,,Social
PNG,2020,alos_nights,2.03409916330196,Economic
PNG,2020,avg_expenditure_rm,262.932106884268,Economic
PNG,2020,dts_hotels_count,460.0,Economic
PNG,2020,dts_rooms_count,44176.0,Economic
PNG,2020,expenditure_per_visitor,271.81306960455635,Economic
PNG,2020,international_arrivals_share,,Economic
PNG,2020,tourism_concentration_ratio,5.1307256952424725,Economic
PNG,2020,tourism_receipts_rm_mil,2427.15888222993,Economic
PNG,2020,tourism_trips_000,9231.124,Economic
PNG,2020,coastal_area_fraction,0.527119,Environmental
PNG,2020,estimated_coastal_hotels,48.0,Environmental
PNG,2020,estimated_pa_hotels,16.0,Environmental
PNG,2020,green_hotel_count,5.0,Environmental
PNG,2020,green_hotel_share,0.054945054945054944,Environmental
PNG,2020,n_rivers,51.0,Environmental
PNG,2020,pa_area_fraction,0.170897,Environmental
PNG,2020,waste_tonnes,,Environmental
PNG,2020,wqi_annual,74.61,Environmental
PNG,2020,domestic_visitors_000,8929.515,Social
PNG,2020,hh_water_access,99.9,Social
PNG,2020,hotel_density_per_capita,5.228683061365203,Social
PNG,2020,motac_hotels_rated_count,91.0,Social
PNG,2020,population,1740.4,Social
PNG,2021,alos_nights,2.14043579846788,Economic
PNG,2021,avg_expenditure_rm,224.556241056071,Economic
PNG,2021,dts_hotels_count,466.0,Economic
PNG,2021,dts_rooms_count,44812.0,Economic
PNG,2021,expenditure_per_visitor,228.97476228892936,Economic
PNG,2021,international_arrivals_share,,Economic
PNG,2021,tourism_concentration_ratio,2.908542528735632,Economic
PNG,2021,tourism_receipts_rm_mil,1158.8101313766,Economic
PNG,2021,tourism_trips_000,5160.445,Economic
PNG,2021,coastal_area_fraction,0.527119,Environmental
PNG,2021,estimated_coastal_hotels,48.0,Environmental
PNG,2021,estimated_pa_hotels,16.0,Environmental
PNG,2021,green_hotel_count,5.0,Environmental
PNG,2021,green_hotel_share,0.054945054945054944,Environmental
PNG,2021,n_rivers,11.0,Environmental
PNG,2021,pa_area_fraction,0.170897,Environmental
PNG,2021,waste_tonnes,,Environmental
PNG,2021,wqi_annual,86.45,Environmental
PNG,2021,domestic_visitors_000,5060.864,Social
PNG,2021,hh_water_access,99.9,Social
PNG,2021,hotel_density_per_capita,5.2298850574712645,Social
PNG,2021,motac_hotels_rated_count,91.0,Social
PNG,2021,population,1740.0,Social
PNG,2022,alos_nights,2.59063956089525,Economic
PNG,2022,avg_expenditure_rm,311.679953765432,Economic
PNG,2022,dts_hotels_count,478.0,Economic
PNG,2022,dts_rooms_count,46370.0,Economic
PNG,2022,expenditure_per_visitor,364.74017440198804,Economic
PNG,2022,international_arrivals_share,,Economic
PNG,2022,tourism_concentration_ratio,5.745726348440462,Economic
PNG,2022,tourism_receipts_rm_mil,3648.39930839687,Economic
PNG,2022,tourism_trips_000,11705.595,Economic
PNG,2022,coastal_area_fraction,0.527119,Environmental
PNG,2022,estimated_coastal_hotels,48.0,Environmental
PNG,2022,estimated_pa_hotels,16.0,Environmental
PNG,2022,green_hotel_count,5.0,Environmental
PNG,2022,green_hotel_share,0.054945054945054944,Environmental
PNG,2022,n_rivers,25.0,Environmental
PNG,2022,pa_area_fraction,0.170897,Environmental
PNG,2022,waste_tonnes,,Environmental
PNG,2022,wqi_annual,61.84,Environmental
PNG,2022,domestic_visitors_000,10002.735,Social
PNG,2022,hh_water_access,100.0,Social
PNG,2022,hotel_density_per_capita,5.227181342983514,Social
PNG,2022,motac_hotels_rated_count,91.0,Social
PNG,2022,population,1740.9,Social
PNG,2023,alos_nights,2.40032874269824,Economic
PNG,2023,avg_expenditure_rm,378.78603644208,Economic
PNG,2023,dts_hotels_count,488.0,Economic
PNG,2023,dts_rooms_count,48068.0,Economic
PNG,2023,expenditure_per_visitor,442.9401499725342,Economic
PNG,2023,international_arrivals_share,,Economic
PNG,2023,tourism_concentration_ratio,7.410017498306615,Economic
PNG,2023,tourism_receipts_rm_mil,5814.73535455749,Economic
PNG,2023,tourism_trips_000,15350.976,Economic
PNG,2023,coastal_area_fraction,0.527119,Environmental
PNG,2023,estimated_coastal_hotels,48.0,Environmental
PNG,2023,estimated_pa_hotels,16.0,Environmental
PNG,2023,green_hotel_count,5.0,Environmental
PNG,2023,green_hotel_share,0.054945054945054944,Environmental
PNG,2023,n_rivers,26.0,Environmental
PNG,2023,pa_area_fraction,0.170897,Environmental
PNG,2023,waste_tonnes,,Environmental
PNG,2023,wqi_annual,62.88,Environmental
PNG,2023,domestic_visitors_000,13127.587,Social
PNG,2023,hh_water_access,100.0,Social
PNG,2023,hotel_density_per_capita,5.136599683901558,Social
PNG,2023,motac_hotels_rated_count,91.0,Social
PNG,2023,population,1771.6,Social
PNG,2024,alos_nights,2.57711545505833,Economic
PNG,2024,avg_expenditure_rm,387.497690313427,Economic
PNG,2024,dts_hotels_count,500.0,Economic
PNG,2024,dts_rooms_count,50778.0,Economic
PNG,2024,expenditure_per_visitor,447.11710505596307,Economic
PNG,2024,international_arrivals_share,,Economic
PNG,2024,tourism_concentration_ratio,,Economic
PNG,2024,tourism_receipts_rm_mil,7424.29144738457,Economic
PNG,2024,tourism_trips_000,19159.576,Economic
PNG,2024,coastal_area_fraction,0.527119,Environmental
PNG,2024,estimated_coastal_hotels,48.0,Environmental
PNG,2024,estimated_pa_hotels,16.0,Environmental
PNG,2024,green_hotel_count,5.0,Environmental
PNG,2024,green_hotel_share,0.054945054945054944,Environmental
PNG,2024,n_rivers,24.0,Environmental
PNG,2024,pa_area_fraction,0.170897,Environmental
PNG,2024,waste_tonnes,,Environmental
PNG,2024,wqi_annual,58.46,Environmental
PNG,2024,domestic_visitors_000,16604.803,Social
PNG,2024,hh_water_access,,Social
PNG,2024,hotel_density_per_capita,,Social
PNG,2024,motac_hotels_rated_count,91.0,Social
PNG,2024,population,,Social
PNG,2025,alos_nights,2.65290501816531,Economic
PNG,2025,avg_expenditure_rm,392.586162736192,Economic
PNG,2025,dts_hotels_count,506.0,Economic
PNG,2025,dts_rooms_count,51206.0,Economic
PNG,2025,expenditure_per_visitor,479.1945042825206,Economic
PNG,2025,international_arrivals_share,,Economic
PNG,2025,tourism_concentration_ratio,,Economic
PNG,2025,tourism_receipts_rm_mil,8490.35816379311,Economic
PNG,2025,tourism_trips_000,21626.7382034512,Economic
PNG,2025,coastal_area_fraction,0.527119,Environmental
PNG,2025,estimated_coastal_hotels,48.0,Environmental
PNG,2025,estimated_pa_hotels,16.0,Environmental
PNG,2025,green_hotel_count,5.0,Environmental
PNG,2025,green_hotel_share,0.054945054945054944,Environmental
PNG,2025,n_rivers,14.0,Environmental
PNG,2025,pa_area_fraction,0.170897,Environmental
PNG,2025,waste_tonnes,,Environmental
PNG,2025,wqi_annual,62.0,Environmental
PNG,2025,domestic_visitors_000,17717.979,Social
PNG,2025,hh_water_access,,Social
PNG,2025,hotel_density_per_capita,,Social
PNG,2025,motac_hotels_rated_count,91.0,Social
PNG,2025,population,,Social
PRK,2020,alos_nights,1.8485066338042,Economic
PRK,2020,avg_expenditure_rm,236.16544652204,Economic
PRK,2020,dts_hotels_count,654.0,Economic
PRK,2020,dts_rooms_count,32396.0,Economic
PRK,2020,expenditure_per_visitor,251.80234456100845,Economic
PRK,2020,international_arrivals_share,,Economic
PRK,2020,tourism_concentration_ratio,5.277766826923077,Economic
PRK,2020,tourism_receipts_rm_mil,3317.0693364196,Economic
PRK,2020,tourism_trips_000,14045.532,Economic
PRK,2020,coastal_area_fraction,0.092434,Environmental
PRK,2020,estimated_coastal_hotels,3.0,Environmental
PRK,2020,estimated_pa_hotels,13.0,Environmental
PRK,2020,green_hotel_count,,Environmental
PRK,2020,green_hotel_share,0.0,Environmental
PRK,2020,n_rivers,71.0,Environmental
PRK,2020,pa_area_fraction,0.393332,Environmental
PRK,2020,waste_tonnes,,Environmental
PRK,2020,wqi_annual,86.76,Environmental
PRK,2020,domestic_visitors_000,13173.306,Social
PRK,2020,hh_water_access,99.4,Social
PRK,2020,hotel_density_per_capita,1.3621794871794872,Social
PRK,2020,motac_hotels_rated_count,34.0,Social
PRK,2020,population,2496.0,Social
PRK,2021,alos_nights,2.29350409312326,Economic
PRK,2021,avg_expenditure_rm,248.080856538094,Economic
PRK,2021,dts_hotels_count,658.0,Economic
PRK,2021,dts_rooms_count,32676.0,Economic
PRK,2021,expenditure_per_visitor,258.28962781913236,Economic
PRK,2021,international_arrivals_share,,Economic
PRK,2021,tourism_concentration_ratio,1.7844315923364336,Economic
PRK,2021,tourism_receipts_rm_mil,1159.53265234848,Economic
PRK,2021,tourism_trips_000,4674.011,Economic
PRK,2021,coastal_area_fraction,0.092434,Environmental
PRK,2021,estimated_coastal_hotels,3.0,Environmental
PRK,2021,estimated_pa_hotels,13.0,Environmental
PRK,2021,green_hotel_count,,Environmental
PRK,2021,green_hotel_share,0.0,Environmental
PRK,2021,n_rivers,10.0,Environmental
PRK,2021,pa_area_fraction,0.393332,Environmental
PRK,2021,waste_tonnes,,Environmental
PRK,2021,wqi_annual,78.6,Environmental
PRK,2021,domestic_visitors_000,4489.273,Social
PRK,2021,hh_water_access,99.4,Social
PRK,2021,hotel_density_per_capita,1.3514587805071945,Social
PRK,2021,motac_hotels_rated_count,34.0,Social
PRK,2021,population,2515.8,Social
PRK,2022,alos_nights,2.42853989637977,Economic
PRK,2022,avg_expenditure_rm,256.866943385182,Economic
PRK,2022,dts_hotels_count,660.0,Economic
PRK,2022,dts_rooms_count,32902.0,Economic
PRK,2022,expenditure_per_visitor,311.760563145097,Economic
PRK,2022,international_arrivals_share,,Economic
PRK,2022,tourism_concentration_ratio,5.793321269487751,Economic
PRK,2022,tourism_receipts_rm_mil,4541.33101270089,Economic
PRK,2022,tourism_trips_000,17679.702,Economic
PRK,2022,coastal_area_fraction,0.092434,Environmental
PRK,2022,estimated_coastal_hotels,3.0,Environmental
PRK,2022,estimated_pa_hotels,13.0,Environmental
PRK,2022,green_hotel_count,,Environmental
PRK,2022,green_hotel_share,0.0,Environmental
PRK,2022,n_rivers,8.0,Environmental
PRK,2022,pa_area_fraction,0.393332,Environmental
PRK,2022,waste_tonnes,,Environmental
PRK,2022,wqi_annual,64.38,Environmental
PRK,2022,domestic_visitors_000,14566.727,Social
PRK,2022,hh_water_access,99.2,Social
PRK,2022,hotel_density_per_capita,1.3522112631244034,Social
PRK,2022,motac_hotels_rated_count,34.0,Social
PRK,2022,population,2514.4,Social
PRK,2023,alos_nights,2.3457677558445,Economic
PRK,2023,avg_expenditure_rm,299.556291771187,Economic
PRK,2023,dts_hotels_count,660.0,Economic
PRK,2023,dts_rooms_count,32900.0,Economic
PRK,2023,expenditure_per_visitor,329.7394521639112,Economic
PRK,2023,international_arrivals_share,,Economic
PRK,2023,tourism_concentration_ratio,6.734182805857345,Economic
PRK,2023,tourism_receipts_rm_mil,5641.02361320425,Economic
PRK,2023,tourism_trips_000,18831.264,Economic
PRK,2023,coastal_area_fraction,0.092434,Environmental
PRK,2023,estimated_coastal_hotels,3.0,Environmental
PRK,2023,estimated_pa_hotels,13.0,Environmental
PRK,2023,green_hotel_count,,Environmental
PRK,2023,green_hotel_share,0.0,Environmental
PRK,2023,n_rivers,19.0,Environmental
PRK,2023,pa_area_fraction,0.393332,Environmental
PRK,2023,waste_tonnes,,Environmental
PRK,2023,wqi_annual,79.95,Environmental
PRK,2023,domestic_visitors_000,17107.518,Social
PRK,2023,hh_water_access,99.2,Social
PRK,2023,hotel_density_per_capita,1.3383719099354432,Social
PRK,2023,motac_hotels_rated_count,34.0,Social
PRK,2023,population,2540.4,Social
PRK,2024,alos_nights,2.3549722911944,Economic
PRK,2024,avg_expenditure_rm,302.203837848145,Economic
PRK,2024,dts_hotels_count,660.0,Economic
PRK,2024,dts_rooms_count,32858.0,Economic
PRK,2024,expenditure_per_visitor,331.7287864221017,Economic
PRK,2024,international_arrivals_share,,Economic
PRK,2024,tourism_concentration_ratio,,Economic
PRK,2024,tourism_receipts_rm_mil,7223.79803827434,Economic
PRK,2024,tourism_trips_000,23903.727,Economic
PRK,2024,coastal_area_fraction,0.092434,Environmental
PRK,2024,estimated_coastal_hotels,3.0,Environmental
PRK,2024,estimated_pa_hotels,13.0,Environmental
PRK,2024,green_hotel_count,,Environmental
PRK,2024,green_hotel_share,0.0,Environmental
PRK,2024,n_rivers,15.0,Environmental
PRK,2024,pa_area_fraction,0.393332,Environmental
PRK,2024,waste_tonnes,,Environmental
PRK,2024,wqi_annual,86.53,Environmental
PRK,2024,domestic_visitors_000,21776.217,Social
PRK,2024,hh_water_access,,Social
PRK,2024,hotel_density_per_capita,,Social
PRK,2024,motac_hotels_rated_count,34.0,Social
PRK,2024,population,,Social
PRK,2025,alos_nights,2.43937248808826,Economic
PRK,2025,avg_expenditure_rm,312.04771613634,Economic
PRK,2025,dts_hotels_count,682.0,Economic
PRK,2025,dts_rooms_count,36362.0,Economic
PRK,2025,expenditure_per_visitor,339.16417092611783,Economic
PRK,2025,international_arrivals_share,,Economic
PRK,2025,tourism_concentration_ratio,,Economic
PRK,2025,tourism_receipts_rm_mil,8018.53798306468,Economic
PRK,2025,tourism_trips_000,25696.5123230103,Economic
PRK,2025,coastal_area_fraction,0.092434,Environmental
PRK,2025,estimated_coastal_hotels,3.0,Environmental
PRK,2025,estimated_pa_hotels,13.0,Environmental
PRK,2025,green_hotel_count,,Environmental
PRK,2025,green_hotel_share,0.0,Environmental
PRK,2025,n_rivers,8.0,Environmental
PRK,2025,pa_area_fraction,0.393332,Environmental
PRK,2025,waste_tonnes,,Environmental
PRK,2025,wqi_annual,80.38,Environmental
PRK,2025,domestic_visitors_000,23642.055,Social
PRK,2025,hh_water_access,,Social
PRK,2025,hotel_density_per_capita,,Social
PRK,2025,motac_hotels_rated_count,34.0,Social
PRK,2025,population,,Social
SBH,2020,alos_nights,1.96210740287431,Economic
SBH,2020,avg_expenditure_rm,246.449716429957,Economic
SBH,2020,dts_hotels_count,816.0,Economic
SBH,2020,dts_rooms_count,45098.0,Economic
SBH,2020,expenditure_per_visitor,258.9531170284651,Economic
SBH,2020,international_arrivals_share,,Economic
SBH,2020,tourism_concentration_ratio,3.023545396045396,Economic
SBH,2020,tourism_receipts_rm_mil,2676.77169855219,Economic
SBH,2020,tourism_trips_000,10861.33,Economic
SBH,2020,coastal_area_fraction,0.143033,Environmental
SBH,2020,estimated_coastal_hotels,9.0,Environmental
SBH,2020,estimated_pa_hotels,38.0,Environmental
SBH,2020,green_hotel_count,4.0,Environmental
SBH,2020,green_hotel_share,0.06451612903225806,Environmental
SBH,2020,n_rivers,107.0,Environmental
SBH,2020,pa_area_fraction,0.615656,Environmental
SBH,2020,waste_tonnes,,Environmental
SBH,2020,wqi_annual,86.6,Environmental
SBH,2020,domestic_visitors_000,10336.897,Social
SBH,2020,hh_water_access,84.7,Social
SBH,2020,hotel_density_per_capita,1.8135018135018135,Social
SBH,2020,motac_hotels_rated_count,62.0,Social
SBH,2020,population,3418.8,Social
SBH,2021,alos_nights,2.31287857012766,Economic
SBH,2021,avg_expenditure_rm,262.594895253719,Economic
SBH,2021,dts_hotels_count,818.0,Economic
SBH,2021,dts_rooms_count,45598.0,Economic
SBH,2021,expenditure_per_visitor,275.7582437621992,Economic
SBH,2021,international_arrivals_share,,Economic
SBH,2021,tourism_concentration_ratio,1.117920647014007,Economic
SBH,2021,tourism_receipts_rm_mil,1052.02211208469,Economic
SBH,2021,tourism_trips_000,4006.255,Economic
SBH,2021,coastal_area_fraction,0.143033,Environmental
SBH,2021,estimated_coastal_hotels,9.0,Environmental
SBH,2021,estimated_pa_hotels,38.0,Environmental
SBH,2021,green_hotel_count,4.0,Environmental
SBH,2021,green_hotel_share,0.06451612903225806,Environmental
SBH,2021,n_rivers,70.0,Environmental
SBH,2021,pa_area_fraction,0.615656,Environmental
SBH,2021,waste_tonnes,,Environmental
SBH,2021,wqi_annual,88.96,Environmental
SBH,2021,domestic_visitors_000,3815.016,Social
SBH,2021,hh_water_access,84.7,Social
SBH,2021,hotel_density_per_capita,1.8167965773896737,Social
SBH,2021,motac_hotels_rated_count,62.0,Social
SBH,2021,population,3412.6,Social
SBH,2022,alos_nights,3.0576352783597,Economic
SBH,2022,avg_expenditure_rm,279.679911153468,Economic
SBH,2022,dts_hotels_count,830.0,Economic
SBH,2022,dts_rooms_count,46804.0,Economic
SBH,2022,expenditure_per_visitor,383.34003324928375,Economic
SBH,2022,international_arrivals_share,,Economic
SBH,2022,tourism_concentration_ratio,3.6864930159009046,Economic
SBH,2022,tourism_receipts_rm_mil,4825.8695952754,Economic
SBH,2022,tourism_trips_000,17254.974,Economic
SBH,2022,coastal_area_fraction,0.143033,Environmental
SBH,2022,estimated_coastal_hotels,9.0,Environmental
SBH,2022,estimated_pa_hotels,38.0,Environmental
SBH,2022,green_hotel_count,4.0,Environmental
SBH,2022,green_hotel_share,0.06451612903225806,Environmental
SBH,2022,n_rivers,71.0,Environmental
SBH,2022,pa_area_fraction,0.615656,Environmental
SBH,2022,waste_tonnes,,Environmental
SBH,2022,wqi_annual,84.77,Environmental
SBH,2022,domestic_visitors_000,12589.005,Social
SBH,2022,hh_water_access,87.6,Social
SBH,2022,hotel_density_per_capita,1.8155729303932764,Social
SBH,2022,motac_hotels_rated_count,62.0,Social
SBH,2022,population,3414.9,Social
SBH,2023,alos_nights,2.67140939347793,Economic
SBH,2023,avg_expenditure_rm,337.307003304163,Economic
SBH,2023,dts_hotels_count,832.0,Economic
SBH,2023,dts_rooms_count,46840.0,Economic
SBH,2023,expenditure_per_visitor,417.4430170867292,Economic
SBH,2023,international_arrivals_share,,Economic
SBH,2023,tourism_concentration_ratio,4.475638499220663,Economic
SBH,2023,tourism_receipts_rm_mil,6712.51460553787,Economic
SBH,2023,tourism_trips_000,19900.312,Economic
SBH,2023,coastal_area_fraction,0.143033,Environmental
SBH,2023,estimated_coastal_hotels,9.0,Environmental
SBH,2023,estimated_pa_hotels,38.0,Environmental
SBH,2023,green_hotel_count,4.0,Environmental
SBH,2023,green_hotel_share,0.06451612903225806,Environmental
SBH,2023,n_rivers,69.0,Environmental
SBH,2023,pa_area_fraction,0.615656,Environmental
SBH,2023,waste_tonnes,,Environmental
SBH,2023,wqi_annual,85.94,Environmental
SBH,2023,domestic_visitors_000,16080.074,Social
SBH,2023,hh_water_access,87.6,Social
SBH,2023,hotel_density_per_capita,1.725673569360944,Social
SBH,2023,motac_hotels_rated_count,62.0,Social
SBH,2023,population,3592.8,Social
SBH,2024,alos_nights,3.01161889379518,Economic
SBH,2024,avg_expenditure_rm,358.180569911899,Economic
SBH,2024,dts_hotels_count,848.0,Economic
SBH,2024,dts_rooms_count,48658.0,Economic
SBH,2024,expenditure_per_visitor,419.3048340634304,Economic
SBH,2024,international_arrivals_share,,Economic
SBH,2024,tourism_concentration_ratio,,Economic
SBH,2024,tourism_receipts_rm_mil,8634.24673303019,Economic
SBH,2024,tourism_trips_000,24105.849,Economic
SBH,2024,coastal_area_fraction,0.143033,Environmental
SBH,2024,estimated_coastal_hotels,9.0,Environmental
SBH,2024,estimated_pa_hotels,38.0,Environmental
SBH,2024,green_hotel_count,4.0,Environmental
SBH,2024,green_hotel_share,0.06451612903225806,Environmental
SBH,2024,n_rivers,47.0,Environmental
SBH,2024,pa_area_fraction,0.615656,Environmental
SBH,2024,waste_tonnes,,Environmental
SBH,2024,wqi_annual,84.81,Environmental
SBH,2024,domestic_visitors_000,20591.813,Social
SBH,2024,hh_water_access,,Social
SBH,2024,hotel_density_per_capita,,Social
SBH,2024,motac_hotels_rated_count,62.0,Social
SBH,2024,population,,Social
SBH,2025,alos_nights,3.14553107015999,Economic
SBH,2025,avg_expenditure_rm,368.874690910501,Economic
SBH,2025,dts_hotels_count,876.0,Economic
SBH,2025,dts_rooms_count,51384.0,Economic
SBH,2025,expenditure_per_visitor,436.1725373186544,Economic
SBH,2025,international_arrivals_share,,Economic
SBH,2025,tourism_concentration_ratio,,Economic
SBH,2025,tourism_receipts_rm_mil,9753.3273839687,Economic
SBH,2025,tourism_trips_000,26440.7605734467,Economic
SBH,2025,coastal_area_fraction,0.143033,Environmental
SBH,2025,estimated_coastal_hotels,9.0,Environmental
SBH,2025,estimated_pa_hotels,38.0,Environmental
SBH,2025,green_hotel_count,4.0,Environmental
SBH,2025,green_hotel_share,0.06451612903225806,Environmental
SBH,2025,n_rivers,40.0,Environmental
SBH,2025,pa_area_fraction,0.615656,Environmental
SBH,2025,waste_tonnes,,Environmental
SBH,2025,wqi_annual,86.95,Environmental
SBH,2025,domestic_visitors_000,22361.168,Social
SBH,2025,hh_water_access,,Social
SBH,2025,hotel_density_per_capita,,Social
SBH,2025,motac_hotels_rated_count,62.0,Social
SBH,2025,population,,Social
SGR,2020,alos_nights,1.64066150657808,Economic
SGR,2020,avg_expenditure_rm,322.019481840348,Economic
SGR,2020,dts_hotels_count,400.0,Economic
SGR,2020,dts_rooms_count,45404.0,Economic
SGR,2020,expenditure_per_visitor,357.6747962276159,Economic
SGR,2020,international_arrivals_share,,Economic
SGR,2020,tourism_concentration_ratio,2.8186454878188267,Economic
SGR,2020,tourism_receipts_rm_mil,7051.46346613165,Economic
SGR,2020,tourism_trips_000,21897.63,Economic
SGR,2020,coastal_area_fraction,0.17425,Environmental
SGR,2020,estimated_coastal_hotels,12.0,Environmental
SGR,2020,estimated_pa_hotels,27.0,Environmental
SGR,2020,green_hotel_count,3.0,Environmental
SGR,2020,green_hotel_share,0.04411764705882353,Environmental
SGR,2020,n_rivers,92.0,Environmental
SGR,2020,pa_area_fraction,0.39766,Environmental
SGR,2020,waste_tonnes,,Environmental
SGR,2020,wqi_annual,77.97,Environmental
SGR,2020,domestic_visitors_000,19714.734,Social
SGR,2020,hh_water_access,100.0,Social
SGR,2020,hotel_density_per_capita,0.9722063364977697,Social
SGR,2020,motac_hotels_rated_count,68.0,Social
SGR,2020,population,6994.4,Social
SGR,2021,alos_nights,1.83160904055607,Economic
SGR,2021,avg_expenditure_rm,279.044532385408,Economic
SGR,2021,dts_hotels_count,402.0,Economic
SGR,2021,dts_rooms_count,46004.0,Economic
SGR,2021,expenditure_per_visitor,309.3119167041437,Economic
SGR,2021,international_arrivals_share,,Economic
SGR,2021,tourism_concentration_ratio,1.455740088670934,Economic
SGR,2021,tourism_receipts_rm_mil,3158.5633823777,Economic
SGR,2021,tourism_trips_000,11319.209,Economic
SGR,2021,coastal_area_fraction,0.17425,Environmental
SGR,2021,estimated_coastal_hotels,12.0,Environmental
SGR,2021,estimated_pa_hotels,27.0,Environmental
SGR,2021,green_hotel_count,3.0,Environmental
SGR,2021,green_hotel_share,0.04411764705882353,Environmental
SGR,2021,n_rivers,22.0,Environmental
SGR,2021,pa_area_fraction,0.39766,Environmental
SGR,2021,waste_tonnes,,Environmental
SGR,2021,wqi_annual,68.45,Environmental
SGR,2021,domestic_visitors_000,10211.58,Social
SGR,2021,hh_water_access,100.0,Social
SGR,2021,hotel_density_per_capita,0.9693928464510244,Social
SGR,2021,motac_hotels_rated_count,68.0,Social
SGR,2021,population,7014.7,Social
SGR,2022,alos_nights,2.32250757479501,Economic
SGR,2022,avg_expenditure_rm,336.110189828149,Economic
SGR,2022,dts_hotels_count,410.0,Economic
SGR,2022,dts_rooms_count,48402.0,Economic
SGR,2022,expenditure_per_visitor,397.22526871802785,Economic
SGR,2022,international_arrivals_share,,Economic
SGR,2022,tourism_concentration_ratio,3.118953519708381,Economic
SGR,2022,tourism_receipts_rm_mil,8734.80808554066,Economic
SGR,2022,tourism_trips_000,25987.93,Economic
SGR,2022,coastal_area_fraction,0.17425,Environmental
SGR,2022,estimated_coastal_hotels,12.0,Environmental
SGR,2022,estimated_pa_hotels,27.0,Environmental
SGR,2022,green_hotel_count,3.0,Environmental
SGR,2022,green_hotel_share,0.04411764705882353,Environmental
SGR,2022,n_rivers,27.0,Environmental
SGR,2022,pa_area_fraction,0.39766,Environmental
SGR,2022,waste_tonnes,,Environmental
SGR,2022,wqi_annual,68.67,Environmental
SGR,2022,domestic_visitors_000,21989.558,Social
SGR,2022,hh_water_access,100.0,Social
SGR,2022,hotel_density_per_capita,0.9644979646256188,Social
SGR,2022,motac_hotels_rated_count,68.0,Social
SGR,2022,population,7050.3,Social
SGR,2023,alos_nights,2.24207367577779,Economic
SGR,2023,avg_expenditure_rm,383.522628111661,Economic
SGR,2023,dts_hotels_count,416.0,Economic
SGR,2023,dts_rooms_count,49930.0,Economic
SGR,2023,expenditure_per_visitor,402.5715480214455,Economic
SGR,2023,international_arrivals_share,,Economic
SGR,2023,tourism_concentration_ratio,3.8276654684745948,Economic
SGR,2023,tourism_receipts_rm_mil,11102.7131520834,Economic
SGR,2023,tourism_trips_000,28949.304,Economic
SGR,2023,coastal_area_fraction,0.17425,Environmental
SGR,2023,estimated_coastal_hotels,12.0,Environmental
SGR,2023,estimated_pa_hotels,27.0,Environmental
SGR,2023,green_hotel_count,3.0,Environmental
SGR,2023,green_hotel_share,0.04411764705882353,Environmental
SGR,2023,n_rivers,24.0,Environmental
SGR,2023,pa_area_fraction,0.39766,Environmental
SGR,2023,waste_tonnes,,Environmental
SGR,2023,wqi_annual,72.04,Environmental
SGR,2023,domestic_visitors_000,27579.478,Social
SGR,2023,hh_water_access,100.0,Social
SGR,2023,hotel_density_per_capita,0.9437497397748879,Social
SGR,2023,motac_hotels_rated_count,68.0,Social
SGR,2023,population,7205.3,Social
SGR,2024,alos_nights,2.24075512447905,Economic
SGR,2024,avg_expenditure_rm,384.254770120676,Economic
SGR,2024,dts_hotels_count,420.0,Economic
SGR,2024,dts_rooms_count,52178.0,Economic
SGR,2024,expenditure_per_visitor,412.8201916492706,Economic
SGR,2024,international_arrivals_share,,Economic
SGR,2024,tourism_concentration_ratio,,Economic
SGR,2024,tourism_receipts_rm_mil,14226.1256382058,Economic
SGR,2024,tourism_trips_000,37022.639,Economic
SGR,2024,coastal_area_fraction,0.17425,Environmental
SGR,2024,estimated_coastal_hotels,12.0,Environmental
SGR,2024,estimated_pa_hotels,27.0,Environmental
SGR,2024,green_hotel_count,3.0,Environmental
SGR,2024,green_hotel_share,0.04411764705882353,Environmental
SGR,2024,n_rivers,13.0,Environmental
SGR,2024,pa_area_fraction,0.39766,Environmental
SGR,2024,waste_tonnes,,Environmental
SGR,2024,wqi_annual,82.08,Environmental
SGR,2024,domestic_visitors_000,34460.8280456694,Social
SGR,2024,hh_water_access,,Social
SGR,2024,hotel_density_per_capita,,Social
SGR,2024,motac_hotels_rated_count,68.0,Social
SGR,2024,population,,Social
SGR,2025,alos_nights,2.31387210011661,Economic
SGR,2025,avg_expenditure_rm,386.283671217442,Economic
SGR,2025,dts_hotels_count,422.0,Economic
SGR,2025,dts_rooms_count,53562.0,Economic
SGR,2025,expenditure_per_visitor,433.2948638122139,Economic
SGR,2025,international_arrivals_share,,Economic
SGR,2025,tourism_concentration_ratio,,Economic
SGR,2025,tourism_receipts_rm_mil,15761.7254823629,Economic
SGR,2025,tourism_trips_000,40803.4992333148,Economic
SGR,2025,coastal_area_fraction,0.17425,Environmental
SGR,2025,estimated_coastal_hotels,12.0,Environmental
SGR,2025,estimated_pa_hotels,27.0,Environmental
SGR,2025,green_hotel_count,3.0,Environmental
SGR,2025,green_hotel_share,0.04411764705882353,Environmental
SGR,2025,n_rivers,13.0,Environmental
SGR,2025,pa_area_fraction,0.39766,Environmental
SGR,2025,waste_tonnes,,Environmental
SGR,2025,wqi_annual,69.54,Environmental
SGR,2025,domestic_visitors_000,36376.442,Social
SGR,2025,hh_water_access,,Social
SGR,2025,hotel_density_per_capita,,Social
SGR,2025,motac_hotels_rated_count,68.0,Social
SGR,2025,population,,Social
SWK,2020,alos_nights,2.55178605762645,Economic
SWK,2020,avg_expenditure_rm,305.546169447442,Economic
SWK,2020,dts_hotels_count,748.0,Economic
SWK,2020,dts_rooms_count,39908.0,Economic
SWK,2020,expenditure_per_visitor,360.32989431975926,Economic
SWK,2020,international_arrivals_share,,Economic
SWK,2020,tourism_concentration_ratio,3.828200268981538,Economic
SWK,2020,tourism_receipts_rm_mil,3384.67058146855,Economic
SWK,2020,tourism_trips_000,11077.444,Economic
SWK,2020,coastal_area_fraction,0.114842,Environmental
SWK,2020,estimated_coastal_hotels,6.0,Environmental
SWK,2020,estimated_pa_hotels,6.0,Environmental
SWK,2020,green_hotel_count,,Environmental
SWK,2020,green_hotel_share,0.0,Environmental
SWK,2020,n_rivers,123.0,Environmental
SWK,2020,pa_area_fraction,0.113466,Environmental
SWK,2020,waste_tonnes,,Environmental
SWK,2020,wqi_annual,83.7,Environmental
SWK,2020,domestic_visitors_000,9393.255,Social
SWK,2020,hh_water_access,86.4,Social
SWK,2020,hotel_density_per_capita,2.119248481884501,Social
SWK,2020,motac_hotels_rated_count,52.0,Social
SWK,2020,population,2453.7,Social
SWK,2021,alos_nights,3.0323043039809,Economic
SWK,2021,avg_expenditure_rm,271.148686673015,Economic
SWK,2021,dts_hotels_count,750.0,Economic
SWK,2021,dts_rooms_count,40228.0,Economic
SWK,2021,expenditure_per_visitor,297.23366592081743,Economic
SWK,2021,international_arrivals_share,,Economic
SWK,2021,tourism_concentration_ratio,2.6406959766385465,Economic
SWK,2021,tourism_receipts_rm_mil,1935.25867544385,Economic
SWK,2021,tourism_trips_000,7137.26,Economic
SWK,2021,coastal_area_fraction,0.114842,Environmental
SWK,2021,estimated_coastal_hotels,6.0,Environmental
SWK,2021,estimated_pa_hotels,6.0,Environmental
SWK,2021,green_hotel_count,,Environmental
SWK,2021,green_hotel_share,0.0,Environmental
SWK,2021,n_rivers,56.0,Environmental
SWK,2021,pa_area_fraction,0.113466,Environmental
SWK,2021,waste_tonnes,,Environmental
SWK,2021,wqi_annual,84.68,Environmental
SWK,2021,domestic_visitors_000,6510.9,Social
SWK,2021,hh_water_access,86.4,Social
SWK,2021,hotel_density_per_capita,2.109020116807268,Social
SWK,2021,motac_hotels_rated_count,52.0,Social
SWK,2021,population,2465.6,Social
SWK,2022,alos_nights,3.51641852644725,Economic
SWK,2022,avg_expenditure_rm,281.524469817298,Economic
SWK,2022,dts_hotels_count,766.0,Economic
SWK,2022,dts_rooms_count,40774.0,Economic
SWK,2022,expenditure_per_visitor,351.17396524877404,Economic
SWK,2022,international_arrivals_share,,Economic
SWK,2022,tourism_concentration_ratio,6.252120881342227,Economic
SWK,2022,tourism_receipts_rm_mil,5430.77227763946,Economic
SWK,2022,tourism_trips_000,19290.587,Economic
SWK,2022,coastal_area_fraction,0.114842,Environmental
SWK,2022,estimated_coastal_hotels,6.0,Environmental
SWK,2022,estimated_pa_hotels,6.0,Environmental
SWK,2022,green_hotel_count,,Environmental
SWK,2022,green_hotel_share,0.0,Environmental
SWK,2022,n_rivers,62.0,Environmental
SWK,2022,pa_area_fraction,0.113466,Environmental
SWK,2022,waste_tonnes,,Environmental
SWK,2022,wqi_annual,79.98,Environmental
SWK,2022,domestic_visitors_000,15464.621,Social
SWK,2022,hh_water_access,90.0,Social
SWK,2022,hotel_density_per_capita,2.102284212654134,Social
SWK,2022,motac_hotels_rated_count,52.0,Social
SWK,2022,population,2473.5,Social
SWK,2023,alos_nights,3.4815000820848,Economic
SWK,2023,avg_expenditure_rm,329.401467491407,Economic
SWK,2023,dts_hotels_count,772.0,Economic
SWK,2023,dts_rooms_count,42284.0,Economic
SWK,2023,expenditure_per_visitor,387.8330536224066,Economic
SWK,2023,international_arrivals_share,,Economic
SWK,2023,tourism_concentration_ratio,7.133369197051205,Economic
SWK,2023,tourism_receipts_rm_mil,6942.67318117489,Economic
SWK,2023,tourism_trips_000,21076.631,Economic
SWK,2023,coastal_area_fraction,0.114842,Environmental
SWK,2023,estimated_coastal_hotels,6.0,Environmental
SWK,2023,estimated_pa_hotels,6.0,Environmental
SWK,2023,green_hotel_count,,Environmental
SWK,2023,green_hotel_share,0.0,Environmental
SWK,2023,n_rivers,69.0,Environmental
SWK,2023,pa_area_fraction,0.113466,Environmental
SWK,2023,waste_tonnes,,Environmental
SWK,2023,wqi_annual,79.68,Environmental
SWK,2023,domestic_visitors_000,17901.19,Social
SWK,2023,hh_water_access,90.0,Social
SWK,2023,hotel_density_per_capita,2.0721259214983063,Social
SWK,2023,motac_hotels_rated_count,52.0,Social
SWK,2023,population,2509.5,Social
SWK,2024,alos_nights,3.09151608473914,Economic
SWK,2024,avg_expenditure_rm,340.580796795262,Economic
SWK,2024,dts_hotels_count,774.0,Economic
SWK,2024,dts_rooms_count,42388.0,Economic
SWK,2024,expenditure_per_visitor,405.42404679790354,Economic
SWK,2024,international_arrivals_share,,Economic
SWK,2024,tourism_concentration_ratio,,Economic
SWK,2024,tourism_receipts_rm_mil,7956.67071248269,Economic
SWK,2024,tourism_trips_000,23362.065,Economic
SWK,2024,coastal_area_fraction,0.114842,Environmental
SWK,2024,estimated_coastal_hotels,6.0,Environmental
SWK,2024,estimated_pa_hotels,6.0,Environmental
SWK,2024,green_hotel_count,,Environmental
SWK,2024,green_hotel_share,0.0,Environmental
SWK,2024,n_rivers,56.0,Environmental
SWK,2024,pa_area_fraction,0.113466,Environmental
SWK,2024,waste_tonnes,,Environmental
SWK,2024,wqi_annual,81.61,Environmental
SWK,2024,domestic_visitors_000,19625.552,Social
SWK,2024,hh_water_access,,Social
SWK,2024,hotel_density_per_capita,,Social
SWK,2024,motac_hotels_rated_count,52.0,Social
SWK,2024,population,,Social
SWK,2025,alos_nights,3.10314238263994,Economic
SWK,2025,avg_expenditure_rm,346.308423416166,Economic
SWK,2025,dts_hotels_count,780.0,Economic
SWK,2025,dts_rooms_count,44130.0,Economic
SWK,2025,expenditure_per_visitor,402.19020203165,Economic
SWK,2025,international_arrivals_share,,Economic
SWK,2025,tourism_concentration_ratio,,Economic
SWK,2025,tourism_receipts_rm_mil,9138.37553459759,Economic
SWK,2025,tourism_trips_000,26387.9678248999,Economic
SWK,2025,coastal_area_fraction,0.114842,Environmental
SWK,2025,estimated_coastal_hotels,6.0,Environmental
SWK,2025,estimated_pa_hotels,6.0,Environmental
SWK,2025,green_hotel_count,,Environmental
SWK,2025,green_hotel_share,0.0,Environmental
SWK,2025,n_rivers,19.0,Environmental
SWK,2025,pa_area_fraction,0.113466,Environmental
SWK,2025,waste_tonnes,,Environmental
SWK,2025,wqi_annual,76.05,Environmental
SWK,2025,domestic_visitors_000,22721.527,Social
SWK,2025,hh_water_access,,Social
SWK,2025,hotel_density_per_capita,,Social
SWK,2025,motac_hotels_rated_count,52.0,Social
SWK,2025,population,,Social
TRG,2020,alos_nights,2.0600272733523,Economic
TRG,2020,avg_expenditure_rm,223.563905001631,Economic
TRG,2020,dts_hotels_count,482.0,Economic
TRG,2020,dts_rooms_count,21436.0,Economic
TRG,2020,expenditure_per_visitor,303.85285386074077,Economic
TRG,2020,international_arrivals_share,,Economic
TRG,2020,tourism_concentration_ratio,6.455306246737428,Economic
TRG,2020,tourism_receipts_rm_mil,2254.5058315233,Economic
TRG,2020,tourism_trips_000,10084.391,Economic
TRG,2020,coastal_area_fraction,0.094686,Environmental
TRG,2020,estimated_coastal_hotels,5.0,Environmental
TRG,2020,estimated_pa_hotels,19.0,Environmental
TRG,2020,green_hotel_count,,Environmental
TRG,2020,green_hotel_share,0.0,Environmental
TRG,2020,n_rivers,62.0,Environmental
TRG,2020,pa_area_fraction,0.394549,Environmental
TRG,2020,waste_tonnes,,Environmental
TRG,2020,wqi_annual,83.9,Environmental
TRG,2020,domestic_visitors_000,7419.729,Social
TRG,2020,hh_water_access,96.2,Social
TRG,2020,hotel_density_per_capita,4.176091874021228,Social
TRG,2020,motac_hotels_rated_count,48.0,Social
TRG,2020,population,1149.4,Social
TRG,2021,alos_nights,2.19970922273613,Economic
TRG,2021,avg_expenditure_rm,238.343220041969,Economic
TRG,2021,dts_hotels_count,482.0,Economic
TRG,2021,dts_rooms_count,21436.0,Economic
TRG,2021,expenditure_per_visitor,264.61354360472717,Economic
TRG,2021,international_arrivals_share,,Economic
TRG,2021,tourism_concentration_ratio,3.176776287691125,Economic
TRG,2021,tourism_receipts_rm_mil,984.111528570248,Economic
TRG,2021,tourism_trips_000,4128.968,Economic
TRG,2021,coastal_area_fraction,0.094686,Environmental
TRG,2021,estimated_coastal_hotels,5.0,Environmental
TRG,2021,estimated_pa_hotels,19.0,Environmental
TRG,2021,green_hotel_count,,Environmental
TRG,2021,green_hotel_share,0.0,Environmental
TRG,2021,n_rivers,28.0,Environmental
TRG,2021,pa_area_fraction,0.394549,Environmental
TRG,2021,waste_tonnes,,Environmental
TRG,2021,wqi_annual,75.96,Environmental
TRG,2021,domestic_visitors_000,3719.052,Social
TRG,2021,hh_water_access,96.2,Social
TRG,2021,hotel_density_per_capita,4.100111044674126,Social
TRG,2021,motac_hotels_rated_count,48.0,Social
TRG,2021,population,1170.7,Social
TRG,2022,alos_nights,2.68542326435746,Economic
TRG,2022,avg_expenditure_rm,262.93594886057,Economic
TRG,2022,dts_hotels_count,490.0,Economic
TRG,2022,dts_rooms_count,21618.0,Economic
TRG,2022,expenditure_per_visitor,328.66278024225073,Economic
TRG,2022,international_arrivals_share,,Economic
TRG,2022,tourism_concentration_ratio,8.624036743637284,Economic
TRG,2022,tourism_receipts_rm_mil,3363.29891312298,Economic
TRG,2022,tourism_trips_000,12791.324,Economic
TRG,2022,coastal_area_fraction,0.094686,Environmental
TRG,2022,estimated_coastal_hotels,5.0,Environmental
TRG,2022,estimated_pa_hotels,19.0,Environmental
TRG,2022,green_hotel_count,,Environmental
TRG,2022,green_hotel_share,0.0,Environmental
TRG,2022,n_rivers,28.0,Environmental
TRG,2022,pa_area_fraction,0.394549,Environmental
TRG,2022,waste_tonnes,,Environmental
TRG,2022,wqi_annual,74.68,Environmental
TRG,2022,domestic_visitors_000,10233.282,Social
TRG,2022,hh_water_access,98.5,Social
TRG,2022,hotel_density_per_capita,4.0451710770268,Social
TRG,2022,motac_hotels_rated_count,48.0,Social
TRG,2022,population,1186.6,Social
TRG,2023,alos_nights,2.59412179953652,Economic
TRG,2023,avg_expenditure_rm,302.283848175625,Economic
TRG,2023,dts_hotels_count,496.0,Economic
TRG,2023,dts_rooms_count,22278.0,Economic
TRG,2023,expenditure_per_visitor,356.4739214177839,Economic
TRG,2023,international_arrivals_share,,Economic
TRG,2023,tourism_concentration_ratio,9.724256656193152,Economic
TRG,2023,tourism_receipts_rm_mil,4192.31725641659,Economic
TRG,2023,tourism_trips_000,13868.81,Economic
TRG,2023,coastal_area_fraction,0.094686,Environmental
TRG,2023,estimated_coastal_hotels,5.0,Environmental
TRG,2023,estimated_pa_hotels,19.0,Environmental
TRG,2023,green_hotel_count,,Environmental
TRG,2023,green_hotel_share,0.0,Environmental
TRG,2023,n_rivers,27.0,Environmental
TRG,2023,pa_area_fraction,0.394549,Environmental
TRG,2023,waste_tonnes,,Environmental
TRG,2023,wqi_annual,78.63,Environmental
TRG,2023,domestic_visitors_000,11760.516,Social
TRG,2023,hh_water_access,98.5,Social
TRG,2023,hotel_density_per_capita,3.9689102034066477,Social
TRG,2023,motac_hotels_rated_count,48.0,Social
TRG,2023,population,1209.4,Social
TRG,2024,alos_nights,2.49733881394776,Economic
TRG,2024,avg_expenditure_rm,313.368535890194,Economic
TRG,2024,dts_hotels_count,500.0,Economic
TRG,2024,dts_rooms_count,22974.0,Economic
TRG,2024,expenditure_per_visitor,357.5451423369384,Economic
TRG,2024,international_arrivals_share,,Economic
TRG,2024,tourism_concentration_ratio,,Economic
TRG,2024,tourism_receipts_rm_mil,5170.36305105575,Economic
TRG,2024,tourism_trips_000,16499.305,Economic
TRG,2024,coastal_area_fraction,0.094686,Environmental
TRG,2024,estimated_coastal_hotels,5.0,Environmental
TRG,2024,estimated_pa_hotels,19.0,Environmental
TRG,2024,green_hotel_count,,Environmental
TRG,2024,green_hotel_share,0.0,Environmental
TRG,2024,n_rivers,13.0,Environmental
TRG,2024,pa_area_fraction,0.394549,Environmental
TRG,2024,waste_tonnes,,Environmental
TRG,2024,wqi_annual,78.92,Environmental
TRG,2024,domestic_visitors_000,14460.728,Social
TRG,2024,hh_water_access,,Social
TRG,2024,hotel_density_per_capita,,Social
TRG,2024,motac_hotels_rated_count,48.0,Social
TRG,2024,population,,Social
TRG,2025,alos_nights,2.75842209863769,Economic
TRG,2025,avg_expenditure_rm,318.391462031798,Economic
TRG,2025,dts_hotels_count,502.0,Economic
TRG,2025,dts_rooms_count,23354.0,Economic
TRG,2025,expenditure_per_visitor,374.7923865412962,Economic
TRG,2025,international_arrivals_share,,Economic
TRG,2025,tourism_concentration_ratio,,Economic
TRG,2025,tourism_receipts_rm_mil,5795.14407298498,Economic
TRG,2025,tourism_trips_000,18201.3174474076,Economic
TRG,2025,coastal_area_fraction,0.094686,Environmental
TRG,2025,estimated_coastal_hotels,5.0,Environmental
TRG,2025,estimated_pa_hotels,19.0,Environmental
TRG,2025,green_hotel_count,,Environmental
TRG,2025,green_hotel_share,0.0,Environmental
TRG,2025,n_rivers,12.0,Environmental
TRG,2025,pa_area_fraction,0.394549,Environmental
TRG,2025,waste_tonnes,,Environmental
TRG,2025,wqi_annual,77.83,Environmental
TRG,2025,domestic_visitors_000,15462.278,Social
TRG,2025,hh_water_access,,Social
TRG,2025,hotel_density_per_capita,,Social
TRG,2025,motac_hotels_rated_count,48.0,Social
TRG,2025,population,,Social
